cycle,branch,expression,forecastdate,seatprob_Dparty,seatprob_Rparty,seatsheld,simulations,timestamp
,House,_lite,10/23/22,,,99,40000,11:43:34 23 Oct 2022
,House,_lite,10/23/22,,,98,40000,11:43:34 23 Oct 2022
,House,_lite,10/23/22,,,97,40000,11:43:34 23 Oct 2022
,House,_lite,10/23/22,,,96,40000,11:43:34 23 Oct 2022
,House,_lite,10/23/22,,,95,40000,11:43:34 23 Oct 2022
,House,_lite,10/23/22,,,94,40000,11:43:34 23 Oct 2022
,House,_lite,10/23/22,,,93,40000,11:43:34 23 Oct 2022
,House,_lite,10/23/22,,,92,40000,11:43:34 23 Oct 2022
,House,_lite,10/23/22,,,91,40000,11:43:34 23 Oct 2022
,House,_lite,10/23/22,,,90,40000,11:43:34 23 Oct 2022
,House,_lite,10/23/22,,,9,40000,11:43:34 23 Oct 2022
,House,_lite,10/23/22,,,89,40000,11:43:34 23 Oct 2022
,House,_lite,10/23/22,,,88,40000,11:43:34 23 Oct 2022
,House,_lite,10/23/22,,,87,40000,11:43:34 23 Oct 2022
,House,_lite,10/23/22,,,86,40000,11:43:34 23 Oct 2022
,House,_lite,10/23/22,,,85,40000,11:43:34 23 Oct 2022
,House,_lite,10/23/22,,,84,40000,11:43:34 23 Oct 2022
,House,_lite,10/23/22,,,83,40000,11:43:34 23 Oct 2022
,House,_lite,10/23/22,,,82,40000,11:43:34 23 Oct 2022
,House,_lite,10/23/22,,,81,40000,11:43:34 23 Oct 2022
,House,_lite,10/23/22,,,80,40000,11:43:34 23 Oct 2022
,House,_lite,10/23/22,,,8,40000,11:43:34 23 Oct 2022
,House,_lite,10/23/22,,,79,40000,11:43:34 23 Oct 2022
,House,_lite,10/23/22,,,78,40000,11:43:34 23 Oct 2022
,House,_lite,10/23/22,,,77,40000,11:43:34 23 Oct 2022
,House,_lite,10/23/22,,,76,40000,11:43:34 23 Oct 2022
,House,_lite,10/23/22,,,75,40000,11:43:34 23 Oct 2022
,House,_lite,10/23/22,,,74,40000,11:43:34 23 Oct 2022
,House,_lite,10/23/22,,,73,40000,11:43:34 23 Oct 2022
,House,_lite,10/23/22,,,72,40000,11:43:34 23 Oct 2022
,House,_lite,10/23/22,,,71,40000,11:43:34 23 Oct 2022
,House,_lite,10/23/22,,,70,40000,11:43:34 23 Oct 2022
,House,_lite,10/23/22,,,7,40000,11:43:34 23 Oct 2022
,House,_lite,10/23/22,,,69,40000,11:43:34 23 Oct 2022
,House,_lite,10/23/22,,,68,40000,11:43:34 23 Oct 2022
,House,_lite,10/23/22,,,67,40000,11:43:34 23 Oct 2022
,House,_lite,10/23/22,,,66,40000,11:43:34 23 Oct 2022
,House,_lite,10/23/22,,,65,40000,11:43:34 23 Oct 2022
,House,_lite,10/23/22,,,64,40000,11:43:34 23 Oct 2022
,House,_lite,10/23/22,,,63,40000,11:43:34 23 Oct 2022
,House,_lite,10/23/22,,,62,40000,11:43:34 23 Oct 2022
,House,_lite,10/23/22,,,61,40000,11:43:34 23 Oct 2022
,House,_lite,10/23/22,,,60,40000,11:43:34 23 Oct 2022
,House,_lite,10/23/22,,,6,40000,11:43:34 23 Oct 2022
,House,_lite,10/23/22,,,59,40000,11:43:34 23 Oct 2022
,House,_lite,10/23/22,,,58,40000,11:43:34 23 Oct 2022
,House,_lite,10/23/22,,,57,40000,11:43:34 23 Oct 2022
,House,_lite,10/23/22,,,56,40000,11:43:34 23 Oct 2022
,House,_lite,10/23/22,,,55,40000,11:43:34 23 Oct 2022
,House,_lite,10/23/22,,,54,40000,11:43:34 23 Oct 2022
,House,_lite,10/23/22,,,53,40000,11:43:34 23 Oct 2022
,House,_lite,10/23/22,,,52,40000,11:43:34 23 Oct 2022
,House,_lite,10/23/22,,,51,40000,11:43:34 23 Oct 2022
,House,_lite,10/23/22,,,50,40000,11:43:34 23 Oct 2022
,House,_lite,10/23/22,,,5,40000,11:43:34 23 Oct 2022
,House,_lite,10/23/22,,,49,40000,11:43:34 23 Oct 2022
,House,_lite,10/23/22,,,48,40000,11:43:34 23 Oct 2022
,House,_lite,10/23/22,,,47,40000,11:43:34 23 Oct 2022
,House,_lite,10/23/22,,,46,40000,11:43:34 23 Oct 2022
,House,_lite,10/23/22,,,45,40000,11:43:34 23 Oct 2022
,House,_lite,10/23/22,,,44,40000,11:43:34 23 Oct 2022
,House,_lite,10/23/22,,,435,40000,11:43:34 23 Oct 2022
,House,_lite,10/23/22,,,434,40000,11:43:34 23 Oct 2022
,House,_lite,10/23/22,,,433,40000,11:43:34 23 Oct 2022
,House,_lite,10/23/22,,,432,40000,11:43:34 23 Oct 2022
,House,_lite,10/23/22,,,431,40000,11:43:34 23 Oct 2022
,House,_lite,10/23/22,,,430,40000,11:43:34 23 Oct 2022
,House,_lite,10/23/22,,,43,40000,11:43:34 23 Oct 2022
,House,_lite,10/23/22,,,429,40000,11:43:34 23 Oct 2022
,House,_lite,10/23/22,,,428,40000,11:43:34 23 Oct 2022
,House,_lite,10/23/22,,,427,40000,11:43:34 23 Oct 2022
,House,_lite,10/23/22,,,426,40000,11:43:34 23 Oct 2022
,House,_lite,10/23/22,,,425,40000,11:43:34 23 Oct 2022
,House,_lite,10/23/22,,,424,40000,11:43:34 23 Oct 2022
,House,_lite,10/23/22,,,423,40000,11:43:34 23 Oct 2022
,House,_lite,10/23/22,,,422,40000,11:43:34 23 Oct 2022
,House,_lite,10/23/22,,,421,40000,11:43:34 23 Oct 2022
,House,_lite,10/23/22,,,420,40000,11:43:34 23 Oct 2022
,House,_lite,10/23/22,,,42,40000,11:43:34 23 Oct 2022
,House,_lite,10/23/22,,,419,40000,11:43:34 23 Oct 2022
,House,_lite,10/23/22,,,418,40000,11:43:34 23 Oct 2022
,House,_lite,10/23/22,,,417,40000,11:43:34 23 Oct 2022
,House,_lite,10/23/22,,,416,40000,11:43:34 23 Oct 2022
,House,_lite,10/23/22,,,415,40000,11:43:34 23 Oct 2022
,House,_lite,10/23/22,,,414,40000,11:43:34 23 Oct 2022
,House,_lite,10/23/22,,,413,40000,11:43:34 23 Oct 2022
,House,_lite,10/23/22,,,412,40000,11:43:34 23 Oct 2022
,House,_lite,10/23/22,,,411,40000,11:43:34 23 Oct 2022
,House,_lite,10/23/22,,,410,40000,11:43:34 23 Oct 2022
,House,_lite,10/23/22,,,41,40000,11:43:34 23 Oct 2022
,House,_lite,10/23/22,,,409,40000,11:43:34 23 Oct 2022
,House,_lite,10/23/22,,,408,40000,11:43:34 23 Oct 2022
,House,_lite,10/23/22,,,407,40000,11:43:34 23 Oct 2022
,House,_lite,10/23/22,,,406,40000,11:43:34 23 Oct 2022
,House,_lite,10/23/22,,,405,40000,11:43:34 23 Oct 2022
,House,_lite,10/23/22,,,404,40000,11:43:34 23 Oct 2022
,House,_lite,10/23/22,,,403,40000,11:43:34 23 Oct 2022
,House,_lite,10/23/22,,,402,40000,11:43:34 23 Oct 2022
,House,_lite,10/23/22,,,401,40000,11:43:34 23 Oct 2022
,House,_lite,10/23/22,,,400,40000,11:43:34 23 Oct 2022
,House,_lite,10/23/22,,,40,40000,11:43:34 23 Oct 2022
,House,_lite,10/23/22,,,4,40000,11:43:34 23 Oct 2022
,House,_lite,10/23/22,,,399,40000,11:43:34 23 Oct 2022
,House,_lite,10/23/22,,,398,40000,11:43:34 23 Oct 2022
,House,_lite,10/23/22,,,397,40000,11:43:34 23 Oct 2022
,House,_lite,10/23/22,,,396,40000,11:43:34 23 Oct 2022
,House,_lite,10/23/22,,,395,40000,11:43:34 23 Oct 2022
,House,_lite,10/23/22,,,394,40000,11:43:34 23 Oct 2022
,House,_lite,10/23/22,,,393,40000,11:43:34 23 Oct 2022
,House,_lite,10/23/22,,,392,40000,11:43:34 23 Oct 2022
,House,_lite,10/23/22,,,391,40000,11:43:34 23 Oct 2022
,House,_lite,10/23/22,,,390,40000,11:43:34 23 Oct 2022
,House,_lite,10/23/22,,,39,40000,11:43:34 23 Oct 2022
,House,_lite,10/23/22,,,389,40000,11:43:34 23 Oct 2022
,House,_lite,10/23/22,,,388,40000,11:43:34 23 Oct 2022
,House,_lite,10/23/22,,,387,40000,11:43:34 23 Oct 2022
,House,_lite,10/23/22,,,386,40000,11:43:34 23 Oct 2022
,House,_lite,10/23/22,,,385,40000,11:43:34 23 Oct 2022
,House,_lite,10/23/22,,,384,40000,11:43:34 23 Oct 2022
,House,_lite,10/23/22,,,383,40000,11:43:34 23 Oct 2022
,House,_lite,10/23/22,,,382,40000,11:43:34 23 Oct 2022
,House,_lite,10/23/22,,,381,40000,11:43:34 23 Oct 2022
,House,_lite,10/23/22,,,380,40000,11:43:34 23 Oct 2022
,House,_lite,10/23/22,,,38,40000,11:43:34 23 Oct 2022
,House,_lite,10/23/22,,,379,40000,11:43:34 23 Oct 2022
,House,_lite,10/23/22,,,378,40000,11:43:34 23 Oct 2022
,House,_lite,10/23/22,,,377,40000,11:43:34 23 Oct 2022
,House,_lite,10/23/22,,,376,40000,11:43:34 23 Oct 2022
,House,_lite,10/23/22,,,375,40000,11:43:34 23 Oct 2022
,House,_lite,10/23/22,,,374,40000,11:43:34 23 Oct 2022
,House,_lite,10/23/22,,,373,40000,11:43:34 23 Oct 2022
,House,_lite,10/23/22,,,372,40000,11:43:34 23 Oct 2022
,House,_lite,10/23/22,,,371,40000,11:43:34 23 Oct 2022
,House,_lite,10/23/22,,,370,40000,11:43:34 23 Oct 2022
,House,_lite,10/23/22,,,37,40000,11:43:34 23 Oct 2022
,House,_lite,10/23/22,,,369,40000,11:43:34 23 Oct 2022
,House,_lite,10/23/22,,,368,40000,11:43:34 23 Oct 2022
,House,_lite,10/23/22,,,367,40000,11:43:34 23 Oct 2022
,House,_lite,10/23/22,,,366,40000,11:43:34 23 Oct 2022
,House,_lite,10/23/22,,,365,40000,11:43:34 23 Oct 2022
,House,_lite,10/23/22,,,364,40000,11:43:34 23 Oct 2022
,House,_lite,10/23/22,,,363,40000,11:43:34 23 Oct 2022
,House,_lite,10/23/22,,,362,40000,11:43:34 23 Oct 2022
,House,_lite,10/23/22,,,361,40000,11:43:34 23 Oct 2022
,House,_lite,10/23/22,,,360,40000,11:43:34 23 Oct 2022
,House,_lite,10/23/22,,,36,40000,11:43:34 23 Oct 2022
,House,_lite,10/23/22,,,359,40000,11:43:34 23 Oct 2022
,House,_lite,10/23/22,,,358,40000,11:43:34 23 Oct 2022
,House,_lite,10/23/22,,,357,40000,11:43:34 23 Oct 2022
,House,_lite,10/23/22,,,356,40000,11:43:34 23 Oct 2022
,House,_lite,10/23/22,,,355,40000,11:43:34 23 Oct 2022
,House,_lite,10/23/22,,,354,40000,11:43:34 23 Oct 2022
,House,_lite,10/23/22,,,353,40000,11:43:34 23 Oct 2022
,House,_lite,10/23/22,,,352,40000,11:43:34 23 Oct 2022
,House,_lite,10/23/22,,,351,40000,11:43:34 23 Oct 2022
,House,_lite,10/23/22,,,350,40000,11:43:34 23 Oct 2022
,House,_lite,10/23/22,,,35,40000,11:43:34 23 Oct 2022
,House,_lite,10/23/22,,,349,40000,11:43:34 23 Oct 2022
,House,_lite,10/23/22,,,348,40000,11:43:34 23 Oct 2022
,House,_lite,10/23/22,,,347,40000,11:43:34 23 Oct 2022
,House,_lite,10/23/22,,,346,40000,11:43:34 23 Oct 2022
,House,_lite,10/23/22,,,345,40000,11:43:34 23 Oct 2022
,House,_lite,10/23/22,,,344,40000,11:43:34 23 Oct 2022
,House,_lite,10/23/22,,,343,40000,11:43:34 23 Oct 2022
,House,_lite,10/23/22,,,342,40000,11:43:34 23 Oct 2022
,House,_lite,10/23/22,,,341,40000,11:43:34 23 Oct 2022
,House,_lite,10/23/22,,,340,40000,11:43:34 23 Oct 2022
,House,_lite,10/23/22,,,34,40000,11:43:34 23 Oct 2022
,House,_lite,10/23/22,,,339,40000,11:43:34 23 Oct 2022
,House,_lite,10/23/22,,,338,40000,11:43:34 23 Oct 2022
,House,_lite,10/23/22,,,337,40000,11:43:34 23 Oct 2022
,House,_lite,10/23/22,,,336,40000,11:43:34 23 Oct 2022
,House,_lite,10/23/22,,,335,40000,11:43:34 23 Oct 2022
,House,_lite,10/23/22,,,334,40000,11:43:34 23 Oct 2022
,House,_lite,10/23/22,,,333,40000,11:43:34 23 Oct 2022
,House,_lite,10/23/22,,,332,40000,11:43:34 23 Oct 2022
,House,_lite,10/23/22,,,331,40000,11:43:34 23 Oct 2022
,House,_lite,10/23/22,,,330,40000,11:43:34 23 Oct 2022
,House,_lite,10/23/22,,,33,40000,11:43:34 23 Oct 2022
,House,_lite,10/23/22,,,329,40000,11:43:34 23 Oct 2022
,House,_lite,10/23/22,,,328,40000,11:43:34 23 Oct 2022
,House,_lite,10/23/22,,,327,40000,11:43:34 23 Oct 2022
,House,_lite,10/23/22,,,326,40000,11:43:34 23 Oct 2022
,House,_lite,10/23/22,,,325,40000,11:43:34 23 Oct 2022
,House,_lite,10/23/22,,,324,40000,11:43:34 23 Oct 2022
,House,_lite,10/23/22,,,323,40000,11:43:34 23 Oct 2022
,House,_lite,10/23/22,,,322,40000,11:43:34 23 Oct 2022
,House,_lite,10/23/22,,,321,40000,11:43:34 23 Oct 2022
,House,_lite,10/23/22,,,320,40000,11:43:34 23 Oct 2022
,House,_lite,10/23/22,,,32,40000,11:43:34 23 Oct 2022
,House,_lite,10/23/22,,,319,40000,11:43:34 23 Oct 2022
,House,_lite,10/23/22,,,318,40000,11:43:34 23 Oct 2022
,House,_lite,10/23/22,,,317,40000,11:43:34 23 Oct 2022
,House,_lite,10/23/22,,,316,40000,11:43:34 23 Oct 2022
,House,_lite,10/23/22,,,315,40000,11:43:34 23 Oct 2022
,House,_lite,10/23/22,,,314,40000,11:43:34 23 Oct 2022
,House,_lite,10/23/22,,,313,40000,11:43:34 23 Oct 2022
,House,_lite,10/23/22,,,312,40000,11:43:34 23 Oct 2022
,House,_lite,10/23/22,,,311,40000,11:43:34 23 Oct 2022
,House,_lite,10/23/22,,,310,40000,11:43:34 23 Oct 2022
,House,_lite,10/23/22,,,31,40000,11:43:34 23 Oct 2022
,House,_lite,10/23/22,,,309,40000,11:43:34 23 Oct 2022
,House,_lite,10/23/22,,,308,40000,11:43:34 23 Oct 2022
,House,_lite,10/23/22,,,307,40000,11:43:34 23 Oct 2022
,House,_lite,10/23/22,,.000025,306,40000,11:43:34 23 Oct 2022
,House,_lite,10/23/22,,,305,40000,11:43:34 23 Oct 2022
,House,_lite,10/23/22,,,304,40000,11:43:34 23 Oct 2022
,House,_lite,10/23/22,,,303,40000,11:43:34 23 Oct 2022
,House,_lite,10/23/22,,.000025,302,40000,11:43:34 23 Oct 2022
,House,_lite,10/23/22,,,301,40000,11:43:34 23 Oct 2022
,House,_lite,10/23/22,,.000025,300,40000,11:43:34 23 Oct 2022
,House,_lite,10/23/22,,,30,40000,11:43:34 23 Oct 2022
,House,_lite,10/23/22,,,3,40000,11:43:34 23 Oct 2022
,House,_lite,10/23/22,,,299,40000,11:43:34 23 Oct 2022
,House,_lite,10/23/22,,.000025,298,40000,11:43:34 23 Oct 2022
,House,_lite,10/23/22,,.000025,297,40000,11:43:34 23 Oct 2022
,House,_lite,10/23/22,,.00005,296,40000,11:43:34 23 Oct 2022
,House,_lite,10/23/22,,.000025,295,40000,11:43:34 23 Oct 2022
,House,_lite,10/23/22,,.000075,294,40000,11:43:34 23 Oct 2022
,House,_lite,10/23/22,,.000125,293,40000,11:43:34 23 Oct 2022
,House,_lite,10/23/22,,.00005,292,40000,11:43:34 23 Oct 2022
,House,_lite,10/23/22,.000025,.00005,291,40000,11:43:34 23 Oct 2022
,House,_lite,10/23/22,.000025,.000025,290,40000,11:43:34 23 Oct 2022
,House,_lite,10/23/22,,,29,40000,11:43:34 23 Oct 2022
,House,_lite,10/23/22,.000025,.000075,289,40000,11:43:34 23 Oct 2022
,House,_lite,10/23/22,.000025,.000075,288,40000,11:43:34 23 Oct 2022
,House,_lite,10/23/22,,.0002,287,40000,11:43:34 23 Oct 2022
,House,_lite,10/23/22,.000025,.0002,286,40000,11:43:34 23 Oct 2022
,House,_lite,10/23/22,,.00025,285,40000,11:43:34 23 Oct 2022
,House,_lite,10/23/22,.00005,.000125,284,40000,11:43:34 23 Oct 2022
,House,_lite,10/23/22,,.000325,283,40000,11:43:34 23 Oct 2022
,House,_lite,10/23/22,,.0002,282,40000,11:43:34 23 Oct 2022
,House,_lite,10/23/22,,.00045,281,40000,11:43:34 23 Oct 2022
,House,_lite,10/23/22,.000025,.000375,280,40000,11:43:34 23 Oct 2022
,House,_lite,10/23/22,,,28,40000,11:43:34 23 Oct 2022
,House,_lite,10/23/22,.000025,.0006,279,40000,11:43:34 23 Oct 2022
,House,_lite,10/23/22,.000075,.00055,278,40000,11:43:34 23 Oct 2022
,House,_lite,10/23/22,.00005,.00055,277,40000,11:43:34 23 Oct 2022
,House,_lite,10/23/22,,.000675,276,40000,11:43:34 23 Oct 2022
,House,_lite,10/23/22,.00005,.0008,275,40000,11:43:34 23 Oct 2022
,House,_lite,10/23/22,.00005,.00095,274,40000,11:43:34 23 Oct 2022
,House,_lite,10/23/22,.00005,.00105,272,40000,11:43:34 23 Oct 2022
,House,_lite,10/23/22,.000075,.0014,271,40000,11:43:34 23 Oct 2022
,House,_lite,10/23/22,,,27,40000,11:43:34 23 Oct 2022
,House,_lite,10/23/22,.000125,.001925,269,40000,11:43:34 23 Oct 2022
,House,_lite,10/23/22,.00045,.003025,264,40000,11:43:34 23 Oct 2022
,House,_lite,10/23/22,,,26,40000,11:43:34 23 Oct 2022
,House,_lite,10/23/22,,,25,40000,11:43:34 23 Oct 2022
,House,_lite,10/23/22,,,24,40000,11:43:34 23 Oct 2022
,House,_lite,10/23/22,,,23,40000,11:43:34 23 Oct 2022
,House,_lite,10/23/22,,,22,40000,11:43:34 23 Oct 2022
,House,_lite,10/23/22,,,21,40000,11:43:34 23 Oct 2022
2022,House,_lite,10/23/22,.0001,.00105,273,40000,11:43:34 23 Oct 2022
2022,House,_lite,10/23/22,.000125,.001925,270,40000,11:43:34 23 Oct 2022
2022,House,_lite,10/23/22,.00015,.001975,268,40000,11:43:34 23 Oct 2022
2022,House,_lite,10/23/22,.000275,.002325,267,40000,11:43:34 23 Oct 2022
2022,House,_lite,10/23/22,.000175,.002075,266,40000,11:43:34 23 Oct 2022
2022,House,_lite,10/23/22,.000275,.0028,265,40000,11:43:34 23 Oct 2022
2022,House,_lite,10/23/22,.000225,.003,263,40000,11:43:34 23 Oct 2022
2022,House,_lite,10/23/22,.0003,.003475,262,40000,11:43:34 23 Oct 2022
2022,House,_lite,10/23/22,.000575,.0044,261,40000,11:43:34 23 Oct 2022
2022,House,_lite,10/23/22,.0002,.004875,260,40000,11:43:34 23 Oct 2022
2022,House,_lite,10/23/22,.000475,.0058,259,40000,11:43:34 23 Oct 2022
2022,House,_lite,10/23/22,.000475,.005525,258,40000,11:43:34 23 Oct 2022
2022,House,_lite,10/23/22,.00045,.0064,257,40000,11:43:34 23 Oct 2022
2022,House,_lite,10/23/22,.000675,.006275,256,40000,11:43:34 23 Oct 2022
2022,House,_lite,10/23/22,.0007,.0073,255,40000,11:43:34 23 Oct 2022
2022,House,_lite,10/23/22,.001025,.007575,254,40000,11:43:34 23 Oct 2022
2022,House,_lite,10/23/22,.0009,.008875,253,40000,11:43:34 23 Oct 2022
2022,House,_lite,10/23/22,.00085,.008725,252,40000,11:43:34 23 Oct 2022
2022,House,_lite,10/23/22,.001425,.010525,251,40000,11:43:34 23 Oct 2022
2022,House,_lite,10/23/22,.001475,.010625,250,40000,11:43:34 23 Oct 2022
2022,House,_lite,10/23/22,.00165,.0108,249,40000,11:43:34 23 Oct 2022
2022,House,_lite,10/23/22,.001425,.012475,248,40000,11:43:34 23 Oct 2022
2022,House,_lite,10/23/22,.0019,.0126,247,40000,11:43:34 23 Oct 2022
2022,House,_lite,10/23/22,.00215,.013425,246,40000,11:43:34 23 Oct 2022
2022,House,_lite,10/23/22,.0025,.0142,245,40000,11:43:34 23 Oct 2022
2022,House,_lite,10/23/22,.00285,.01445,244,40000,11:43:34 23 Oct 2022
2022,House,_lite,10/23/22,.0031,.01585,243,40000,11:43:34 23 Oct 2022
2022,House,_lite,10/23/22,.003175,.017125,242,40000,11:43:34 23 Oct 2022
2022,House,_lite,10/23/22,.00365,.01715,241,40000,11:43:34 23 Oct 2022
2022,House,_lite,10/23/22,.0036,.017875,240,40000,11:43:34 23 Oct 2022
2022,House,_lite,10/23/22,.004325,.018975,239,40000,11:43:34 23 Oct 2022
2022,House,_lite,10/23/22,.005175,.0192,238,40000,11:43:34 23 Oct 2022
2022,House,_lite,10/23/22,.005025,.019875,237,40000,11:43:34 23 Oct 2022
2022,House,_lite,10/23/22,.0063,.019875,236,40000,11:43:34 23 Oct 2022
2022,House,_lite,10/23/22,.006225,.020625,235,40000,11:43:34 23 Oct 2022
2022,House,_lite,10/23/22,.00655,.020925,234,40000,11:43:34 23 Oct 2022
2022,House,_lite,10/23/22,.007375,.021025,233,40000,11:43:34 23 Oct 2022
2022,House,_lite,10/23/22,.007775,.0226,232,40000,11:43:34 23 Oct 2022
2022,House,_lite,10/23/22,.009075,.0225,231,40000,11:43:34 23 Oct 2022
2022,House,_lite,10/23/22,.009225,.022275,230,40000,11:43:34 23 Oct 2022
2022,House,_lite,10/23/22,.009425,.02175,229,40000,11:43:34 23 Oct 2022
2022,House,_lite,10/23/22,.011125,.022175,228,40000,11:43:34 23 Oct 2022
2022,House,_lite,10/23/22,.012,.022725,227,40000,11:43:34 23 Oct 2022
2022,House,_lite,10/23/22,.01105,.021925,226,40000,11:43:34 23 Oct 2022
2022,House,_lite,10/23/22,.013225,.0223,225,40000,11:43:34 23 Oct 2022
2022,House,_lite,10/23/22,.0142,.020475,224,40000,11:43:34 23 Oct 2022
2022,House,_lite,10/23/22,.014275,.020675,223,40000,11:43:34 23 Oct 2022
2022,House,_lite,10/23/22,.015475,.0189,222,40000,11:43:34 23 Oct 2022
2022,House,_lite,10/23/22,.01605,.021375,221,40000,11:43:34 23 Oct 2022
2022,House,_lite,10/23/22,.016125,.0207,220,40000,11:43:34 23 Oct 2022
2022,House,_lite,10/23/22,.0181,.019725,219,40000,11:43:34 23 Oct 2022
2022,House,_lite,10/23/22,.018375,.019125,218,40000,11:43:34 23 Oct 2022
2022,House,_lite,10/23/22,.019125,.018375,217,40000,11:43:34 23 Oct 2022
2022,House,_lite,10/23/22,.019725,.0181,216,40000,11:43:34 23 Oct 2022
2022,House,_lite,10/23/22,.0207,.016125,215,40000,11:43:34 23 Oct 2022
2022,House,_lite,10/23/22,.021375,.01605,214,40000,11:43:34 23 Oct 2022
2022,House,_lite,10/23/22,.0189,.015475,213,40000,11:43:34 23 Oct 2022
2022,House,_lite,10/23/22,.02065,.014275,212,40000,11:43:34 23 Oct 2022
2022,House,_lite,10/23/22,.0205,.0142,211,40000,11:43:34 23 Oct 2022
2022,House,_lite,10/23/22,.0223,.013225,210,40000,11:43:34 23 Oct 2022
2022,House,_lite,10/23/22,.021925,.01105,209,40000,11:43:34 23 Oct 2022
2022,House,_lite,10/23/22,.022725,.012,208,40000,11:43:34 23 Oct 2022
2022,House,_lite,10/23/22,.022175,.011125,207,40000,11:43:34 23 Oct 2022
2022,House,_lite,10/23/22,.02175,.009425,206,40000,11:43:34 23 Oct 2022
2022,House,_lite,10/23/22,.022275,.009225,205,40000,11:43:34 23 Oct 2022
2022,House,_lite,10/23/22,.0225,.009075,204,40000,11:43:34 23 Oct 2022
2022,House,_lite,10/23/22,.0226,.007775,203,40000,11:43:34 23 Oct 2022
2022,House,_lite,10/23/22,.021,.007375,202,40000,11:43:34 23 Oct 2022
2022,House,_lite,10/23/22,.02095,.00655,201,40000,11:43:34 23 Oct 2022
2022,House,_lite,10/23/22,.020625,.006225,200,40000,11:43:34 23 Oct 2022
2022,House,_lite,10/23/22,.019875,.0063,199,40000,11:43:34 23 Oct 2022
2022,House,_lite,10/23/22,.019875,.005025,198,40000,11:43:34 23 Oct 2022
2022,House,_lite,10/23/22,.0192,.005175,197,40000,11:43:34 23 Oct 2022
2022,House,_lite,10/23/22,.018975,.004325,196,40000,11:43:34 23 Oct 2022
2022,House,_lite,10/23/22,.017875,.0036,195,40000,11:43:34 23 Oct 2022
2022,House,_lite,10/23/22,.01715,.00365,194,40000,11:43:34 23 Oct 2022
2022,House,_lite,10/23/22,.017125,.003175,193,40000,11:43:34 23 Oct 2022
2022,House,_lite,10/23/22,.01585,.0031,192,40000,11:43:34 23 Oct 2022
2022,House,_lite,10/23/22,.01445,.00285,191,40000,11:43:34 23 Oct 2022
2022,House,_lite,10/23/22,.0142,.0025,190,40000,11:43:34 23 Oct 2022
2022,House,_lite,10/23/22,.013425,.00215,189,40000,11:43:34 23 Oct 2022
2022,House,_lite,10/23/22,.0126,.0019,188,40000,11:43:34 23 Oct 2022
2022,House,_lite,10/23/22,.012475,.001425,187,40000,11:43:34 23 Oct 2022
2022,House,_lite,10/23/22,.0108,.00165,186,40000,11:43:34 23 Oct 2022
2022,House,_lite,10/23/22,.010625,.001475,185,40000,11:43:34 23 Oct 2022
2022,House,_lite,10/23/22,.010525,.001425,184,40000,11:43:34 23 Oct 2022
2022,House,_lite,10/23/22,.008725,.00085,183,40000,11:43:34 23 Oct 2022
2022,House,_lite,10/23/22,.008875,.0009,182,40000,11:43:34 23 Oct 2022
2022,House,_lite,10/23/22,.007575,.001025,181,40000,11:43:34 23 Oct 2022
2022,House,_lite,10/23/22,.0073,.0007,180,40000,11:43:34 23 Oct 2022
2022,House,_lite,10/23/22,.006275,.000675,179,40000,11:43:34 23 Oct 2022
2022,House,_lite,10/23/22,.0064,.00045,178,40000,11:43:34 23 Oct 2022
2022,House,_lite,10/23/22,.005525,.000475,177,40000,11:43:34 23 Oct 2022
2022,House,_lite,10/23/22,.0058,.000475,176,40000,11:43:34 23 Oct 2022
2022,House,_lite,10/23/22,.004875,.0002,175,40000,11:43:34 23 Oct 2022
2022,House,_lite,10/23/22,.0044,.000575,174,40000,11:43:34 23 Oct 2022
2022,House,_lite,10/23/22,.003475,.0003,173,40000,11:43:34 23 Oct 2022
2022,House,_lite,10/23/22,.003,.000225,172,40000,11:43:34 23 Oct 2022
2022,House,_lite,10/23/22,.003025,.00045,171,40000,11:43:34 23 Oct 2022
2022,House,_lite,10/23/22,.0028,.000275,170,40000,11:43:34 23 Oct 2022
2022,House,_lite,10/23/22,.002075,.000175,169,40000,11:43:34 23 Oct 2022
2022,House,_lite,10/23/22,.002325,.000275,168,40000,11:43:34 23 Oct 2022
2022,House,_lite,10/23/22,.001975,.00015,167,40000,11:43:34 23 Oct 2022
2022,House,_lite,10/23/22,.001925,.000125,166,40000,11:43:34 23 Oct 2022
2022,House,_lite,10/23/22,.001925,.000125,165,40000,11:43:34 23 Oct 2022
2022,House,_lite,10/23/22,.0014,.000075,164,40000,11:43:34 23 Oct 2022
2022,House,_lite,10/23/22,.00105,.00005,163,40000,11:43:34 23 Oct 2022
2022,House,_lite,10/23/22,.00105,.0001,162,40000,11:43:34 23 Oct 2022
2022,House,_lite,10/23/22,.00095,.00005,161,40000,11:43:34 23 Oct 2022
2022,House,_lite,10/23/22,.0008,.00005,160,40000,11:43:34 23 Oct 2022
2022,House,_lite,10/23/22,.000675,,159,40000,11:43:34 23 Oct 2022
2022,House,_lite,10/23/22,.00055,.00005,158,40000,11:43:34 23 Oct 2022
2022,House,_lite,10/23/22,.00055,.000075,157,40000,11:43:34 23 Oct 2022
2022,House,_lite,10/23/22,.0006,.000025,156,40000,11:43:34 23 Oct 2022
2022,House,_lite,10/23/22,.000375,.000025,155,40000,11:43:34 23 Oct 2022
2022,House,_lite,10/23/22,.00045,,154,40000,11:43:34 23 Oct 2022
2022,House,_lite,10/23/22,.0002,,153,40000,11:43:34 23 Oct 2022
2022,House,_lite,10/23/22,.000325,,152,40000,11:43:34 23 Oct 2022
2022,House,_lite,10/23/22,.000125,.00005,151,40000,11:43:34 23 Oct 2022
2022,House,_lite,10/23/22,.00025,,150,40000,11:43:34 23 Oct 2022
2022,House,_lite,10/23/22,.0002,.000025,149,40000,11:43:34 23 Oct 2022
2022,House,_lite,10/23/22,.0002,,148,40000,11:43:34 23 Oct 2022
2022,House,_lite,10/23/22,.000075,.000025,147,40000,11:43:34 23 Oct 2022
2022,House,_lite,10/23/22,.000075,.000025,146,40000,11:43:34 23 Oct 2022
2022,House,_lite,10/23/22,.000025,.000025,145,40000,11:43:34 23 Oct 2022
2022,House,_lite,10/23/22,.00005,.000025,144,40000,11:43:34 23 Oct 2022
2022,House,_lite,10/23/22,.00005,,143,40000,11:43:34 23 Oct 2022
2022,House,_lite,10/23/22,.000125,,142,40000,11:43:34 23 Oct 2022
2022,House,_lite,10/23/22,.000075,,141,40000,11:43:34 23 Oct 2022
2022,House,_lite,10/23/22,.000025,,140,40000,11:43:34 23 Oct 2022
2022,House,_lite,10/23/22,.00005,,139,40000,11:43:34 23 Oct 2022
2022,House,_lite,10/23/22,.000025,,138,40000,11:43:34 23 Oct 2022
2022,House,_lite,10/23/22,.000025,,135,40000,11:43:34 23 Oct 2022
2022,House,_lite,10/23/22,,,134,40000,11:43:34 23 Oct 2022
2022,House,_lite,10/23/22,,,132,40000,11:43:34 23 Oct 2022
,House,_lite,10/23/22,,,20,40000,11:43:34 23 Oct 2022
,House,_lite,10/23/22,,,2,40000,11:43:34 23 Oct 2022
,House,_lite,10/23/22,,,19,40000,11:43:34 23 Oct 2022
,House,_lite,10/23/22,,,18,40000,11:43:34 23 Oct 2022
,House,_lite,10/23/22,,,17,40000,11:43:34 23 Oct 2022
,House,_lite,10/23/22,,,16,40000,11:43:34 23 Oct 2022
,House,_lite,10/23/22,,,15,40000,11:43:34 23 Oct 2022
,House,_lite,10/23/22,,,14,40000,11:43:34 23 Oct 2022
,House,_lite,10/23/22,.000025,,137,40000,11:43:34 23 Oct 2022
,House,_lite,10/23/22,,,136,40000,11:43:34 23 Oct 2022
,House,_lite,10/23/22,.000025,,133,40000,11:43:34 23 Oct 2022
,House,_lite,10/23/22,,,131,40000,11:43:34 23 Oct 2022
,House,_lite,10/23/22,,,130,40000,11:43:34 23 Oct 2022
,House,_lite,10/23/22,,,13,40000,11:43:34 23 Oct 2022
,House,_lite,10/23/22,.000025,,129,40000,11:43:34 23 Oct 2022
,House,_lite,10/23/22,,,128,40000,11:43:34 23 Oct 2022
,House,_lite,10/23/22,,,127,40000,11:43:34 23 Oct 2022
,House,_lite,10/23/22,,,126,40000,11:43:34 23 Oct 2022
,House,_lite,10/23/22,,,125,40000,11:43:34 23 Oct 2022
,House,_lite,10/23/22,,,124,40000,11:43:34 23 Oct 2022
,House,_lite,10/23/22,,,123,40000,11:43:34 23 Oct 2022
,House,_lite,10/23/22,,,122,40000,11:43:34 23 Oct 2022
,House,_lite,10/23/22,,,121,40000,11:43:34 23 Oct 2022
,House,_lite,10/23/22,,,120,40000,11:43:34 23 Oct 2022
,House,_lite,10/23/22,,,12,40000,11:43:34 23 Oct 2022
,House,_lite,10/23/22,,,119,40000,11:43:34 23 Oct 2022
,House,_lite,10/23/22,,,118,40000,11:43:34 23 Oct 2022
,House,_lite,10/23/22,,,117,40000,11:43:34 23 Oct 2022
,House,_lite,10/23/22,,,116,40000,11:43:34 23 Oct 2022
,House,_lite,10/23/22,,,115,40000,11:43:34 23 Oct 2022
,House,_lite,10/23/22,,,114,40000,11:43:34 23 Oct 2022
,House,_lite,10/23/22,,,113,40000,11:43:34 23 Oct 2022
,House,_lite,10/23/22,,,112,40000,11:43:34 23 Oct 2022
,House,_lite,10/23/22,,,111,40000,11:43:34 23 Oct 2022
,House,_lite,10/23/22,,,110,40000,11:43:34 23 Oct 2022
,House,_lite,10/23/22,,,11,40000,11:43:34 23 Oct 2022
,House,_lite,10/23/22,,,109,40000,11:43:34 23 Oct 2022
,House,_lite,10/23/22,,,108,40000,11:43:34 23 Oct 2022
,House,_lite,10/23/22,,,107,40000,11:43:34 23 Oct 2022
,House,_lite,10/23/22,,,106,40000,11:43:34 23 Oct 2022
,House,_lite,10/23/22,,,105,40000,11:43:34 23 Oct 2022
,House,_lite,10/23/22,,,104,40000,11:43:34 23 Oct 2022
,House,_lite,10/23/22,,,103,40000,11:43:34 23 Oct 2022
,House,_lite,10/23/22,,,102,40000,11:43:34 23 Oct 2022
,House,_lite,10/23/22,,,101,40000,11:43:34 23 Oct 2022
,House,_lite,10/23/22,,,100,40000,11:43:34 23 Oct 2022
,House,_lite,10/23/22,,,10,40000,11:43:34 23 Oct 2022
,House,_lite,10/23/22,,,1,40000,11:43:34 23 Oct 2022
,House,_lite,10/23/22,,,0,40000,11:43:34 23 Oct 2022
,House,_deluxe,10/23/22,,,99,40000,11:43:34 23 Oct 2022
,House,_deluxe,10/23/22,,,98,40000,11:43:34 23 Oct 2022
,House,_deluxe,10/23/22,,,97,40000,11:43:34 23 Oct 2022
,House,_deluxe,10/23/22,,,96,40000,11:43:34 23 Oct 2022
,House,_deluxe,10/23/22,,,95,40000,11:43:34 23 Oct 2022
,House,_deluxe,10/23/22,,,94,40000,11:43:34 23 Oct 2022
,House,_deluxe,10/23/22,,,93,40000,11:43:34 23 Oct 2022
,House,_deluxe,10/23/22,,,92,40000,11:43:34 23 Oct 2022
,House,_deluxe,10/23/22,,,91,40000,11:43:34 23 Oct 2022
,House,_deluxe,10/23/22,,,90,40000,11:43:34 23 Oct 2022
,House,_deluxe,10/23/22,,,9,40000,11:43:34 23 Oct 2022
,House,_deluxe,10/23/22,,,89,40000,11:43:34 23 Oct 2022
,House,_deluxe,10/23/22,,,88,40000,11:43:34 23 Oct 2022
,House,_deluxe,10/23/22,,,87,40000,11:43:34 23 Oct 2022
,House,_deluxe,10/23/22,,,86,40000,11:43:34 23 Oct 2022
,House,_deluxe,10/23/22,,,85,40000,11:43:34 23 Oct 2022
,House,_deluxe,10/23/22,,,84,40000,11:43:34 23 Oct 2022
,House,_deluxe,10/23/22,,,83,40000,11:43:34 23 Oct 2022
,House,_deluxe,10/23/22,,,82,40000,11:43:34 23 Oct 2022
,House,_deluxe,10/23/22,,,81,40000,11:43:34 23 Oct 2022
,House,_deluxe,10/23/22,,,80,40000,11:43:34 23 Oct 2022
,House,_deluxe,10/23/22,,,8,40000,11:43:34 23 Oct 2022
,House,_deluxe,10/23/22,,,79,40000,11:43:34 23 Oct 2022
,House,_deluxe,10/23/22,,,78,40000,11:43:34 23 Oct 2022
,House,_deluxe,10/23/22,,,77,40000,11:43:34 23 Oct 2022
,House,_deluxe,10/23/22,,,76,40000,11:43:34 23 Oct 2022
,House,_deluxe,10/23/22,,,75,40000,11:43:34 23 Oct 2022
,House,_deluxe,10/23/22,,,74,40000,11:43:34 23 Oct 2022
,House,_deluxe,10/23/22,,,73,40000,11:43:34 23 Oct 2022
,House,_deluxe,10/23/22,,,72,40000,11:43:34 23 Oct 2022
,House,_deluxe,10/23/22,,,71,40000,11:43:34 23 Oct 2022
,House,_deluxe,10/23/22,,,70,40000,11:43:34 23 Oct 2022
,House,_deluxe,10/23/22,,,7,40000,11:43:34 23 Oct 2022
,House,_deluxe,10/23/22,,,69,40000,11:43:34 23 Oct 2022
,House,_deluxe,10/23/22,,,68,40000,11:43:34 23 Oct 2022
,House,_deluxe,10/23/22,,,67,40000,11:43:34 23 Oct 2022
,House,_deluxe,10/23/22,,,66,40000,11:43:34 23 Oct 2022
,House,_deluxe,10/23/22,,,65,40000,11:43:34 23 Oct 2022
,House,_deluxe,10/23/22,,,64,40000,11:43:34 23 Oct 2022
,House,_deluxe,10/23/22,,,63,40000,11:43:34 23 Oct 2022
,House,_deluxe,10/23/22,,,62,40000,11:43:34 23 Oct 2022
,House,_deluxe,10/23/22,,,61,40000,11:43:34 23 Oct 2022
,House,_deluxe,10/23/22,,,60,40000,11:43:34 23 Oct 2022
,House,_deluxe,10/23/22,,,6,40000,11:43:34 23 Oct 2022
,House,_deluxe,10/23/22,,,59,40000,11:43:34 23 Oct 2022
,House,_deluxe,10/23/22,,,58,40000,11:43:34 23 Oct 2022
,House,_deluxe,10/23/22,,,57,40000,11:43:34 23 Oct 2022
,House,_deluxe,10/23/22,,,56,40000,11:43:34 23 Oct 2022
,House,_deluxe,10/23/22,,,55,40000,11:43:34 23 Oct 2022
,House,_deluxe,10/23/22,,,54,40000,11:43:34 23 Oct 2022
,House,_deluxe,10/23/22,,,53,40000,11:43:34 23 Oct 2022
,House,_deluxe,10/23/22,,,52,40000,11:43:34 23 Oct 2022
,House,_deluxe,10/23/22,,,51,40000,11:43:34 23 Oct 2022
,House,_deluxe,10/23/22,,,50,40000,11:43:34 23 Oct 2022
,House,_deluxe,10/23/22,,,5,40000,11:43:34 23 Oct 2022
,House,_deluxe,10/23/22,,,49,40000,11:43:34 23 Oct 2022
,House,_deluxe,10/23/22,,,48,40000,11:43:34 23 Oct 2022
,House,_deluxe,10/23/22,,,47,40000,11:43:34 23 Oct 2022
,House,_deluxe,10/23/22,,,46,40000,11:43:34 23 Oct 2022
,House,_deluxe,10/23/22,,,45,40000,11:43:34 23 Oct 2022
,House,_deluxe,10/23/22,,,44,40000,11:43:34 23 Oct 2022
,House,_deluxe,10/23/22,,,435,40000,11:43:34 23 Oct 2022
,House,_deluxe,10/23/22,,,434,40000,11:43:34 23 Oct 2022
,House,_deluxe,10/23/22,,,433,40000,11:43:34 23 Oct 2022
,House,_deluxe,10/23/22,,,432,40000,11:43:34 23 Oct 2022
,House,_deluxe,10/23/22,,,431,40000,11:43:34 23 Oct 2022
,House,_deluxe,10/23/22,,,430,40000,11:43:34 23 Oct 2022
,House,_deluxe,10/23/22,,,43,40000,11:43:34 23 Oct 2022
,House,_deluxe,10/23/22,,,429,40000,11:43:34 23 Oct 2022
,House,_deluxe,10/23/22,,,428,40000,11:43:34 23 Oct 2022
,House,_deluxe,10/23/22,,,427,40000,11:43:34 23 Oct 2022
,House,_deluxe,10/23/22,,,426,40000,11:43:34 23 Oct 2022
,House,_deluxe,10/23/22,,,425,40000,11:43:34 23 Oct 2022
,House,_deluxe,10/23/22,,,424,40000,11:43:34 23 Oct 2022
,House,_deluxe,10/23/22,,,423,40000,11:43:34 23 Oct 2022
,House,_deluxe,10/23/22,,,422,40000,11:43:34 23 Oct 2022
,House,_deluxe,10/23/22,,,421,40000,11:43:34 23 Oct 2022
,House,_deluxe,10/23/22,,,420,40000,11:43:34 23 Oct 2022
,House,_deluxe,10/23/22,,,42,40000,11:43:34 23 Oct 2022
,House,_deluxe,10/23/22,,,419,40000,11:43:34 23 Oct 2022
,House,_deluxe,10/23/22,,,418,40000,11:43:34 23 Oct 2022
,House,_deluxe,10/23/22,,,417,40000,11:43:34 23 Oct 2022
,House,_deluxe,10/23/22,,,416,40000,11:43:34 23 Oct 2022
,House,_deluxe,10/23/22,,,415,40000,11:43:34 23 Oct 2022
,House,_deluxe,10/23/22,,,414,40000,11:43:34 23 Oct 2022
,House,_deluxe,10/23/22,,,413,40000,11:43:34 23 Oct 2022
,House,_deluxe,10/23/22,,,412,40000,11:43:34 23 Oct 2022
,House,_deluxe,10/23/22,,,411,40000,11:43:34 23 Oct 2022
,House,_deluxe,10/23/22,,,410,40000,11:43:34 23 Oct 2022
,House,_deluxe,10/23/22,,,41,40000,11:43:34 23 Oct 2022
,House,_deluxe,10/23/22,,,409,40000,11:43:34 23 Oct 2022
,House,_deluxe,10/23/22,,,408,40000,11:43:34 23 Oct 2022
,House,_deluxe,10/23/22,,,407,40000,11:43:34 23 Oct 2022
,House,_deluxe,10/23/22,,,406,40000,11:43:34 23 Oct 2022
,House,_deluxe,10/23/22,,,405,40000,11:43:34 23 Oct 2022
,House,_deluxe,10/23/22,,,404,40000,11:43:34 23 Oct 2022
,House,_deluxe,10/23/22,,,403,40000,11:43:34 23 Oct 2022
,House,_deluxe,10/23/22,,,402,40000,11:43:34 23 Oct 2022
,House,_deluxe,10/23/22,,,401,40000,11:43:34 23 Oct 2022
,House,_deluxe,10/23/22,,,400,40000,11:43:34 23 Oct 2022
,House,_deluxe,10/23/22,,,40,40000,11:43:34 23 Oct 2022
,House,_deluxe,10/23/22,,,4,40000,11:43:34 23 Oct 2022
,House,_deluxe,10/23/22,,,399,40000,11:43:34 23 Oct 2022
,House,_deluxe,10/23/22,,,398,40000,11:43:34 23 Oct 2022
,House,_deluxe,10/23/22,,,397,40000,11:43:34 23 Oct 2022
,House,_deluxe,10/23/22,,,396,40000,11:43:34 23 Oct 2022
,House,_deluxe,10/23/22,,,395,40000,11:43:34 23 Oct 2022
,House,_deluxe,10/23/22,,,394,40000,11:43:34 23 Oct 2022
,House,_deluxe,10/23/22,,,393,40000,11:43:34 23 Oct 2022
,House,_deluxe,10/23/22,,,392,40000,11:43:34 23 Oct 2022
,House,_deluxe,10/23/22,,,391,40000,11:43:34 23 Oct 2022
,House,_deluxe,10/23/22,,,390,40000,11:43:34 23 Oct 2022
,House,_deluxe,10/23/22,,,39,40000,11:43:34 23 Oct 2022
,House,_deluxe,10/23/22,,,389,40000,11:43:34 23 Oct 2022
,House,_deluxe,10/23/22,,,388,40000,11:43:34 23 Oct 2022
,House,_deluxe,10/23/22,,,387,40000,11:43:34 23 Oct 2022
,House,_deluxe,10/23/22,,,386,40000,11:43:34 23 Oct 2022
,House,_deluxe,10/23/22,,,385,40000,11:43:34 23 Oct 2022
,House,_deluxe,10/23/22,,,384,40000,11:43:34 23 Oct 2022
,House,_deluxe,10/23/22,,,383,40000,11:43:34 23 Oct 2022
,House,_deluxe,10/23/22,,,382,40000,11:43:34 23 Oct 2022
,House,_deluxe,10/23/22,,,381,40000,11:43:34 23 Oct 2022
,House,_deluxe,10/23/22,,,380,40000,11:43:34 23 Oct 2022
,House,_deluxe,10/23/22,,,38,40000,11:43:34 23 Oct 2022
,House,_deluxe,10/23/22,,,379,40000,11:43:34 23 Oct 2022
,House,_deluxe,10/23/22,,,378,40000,11:43:34 23 Oct 2022
,House,_deluxe,10/23/22,,,377,40000,11:43:34 23 Oct 2022
,House,_deluxe,10/23/22,,,376,40000,11:43:34 23 Oct 2022
,House,_deluxe,10/23/22,,,375,40000,11:43:34 23 Oct 2022
,House,_deluxe,10/23/22,,,374,40000,11:43:34 23 Oct 2022
,House,_deluxe,10/23/22,,,373,40000,11:43:34 23 Oct 2022
,House,_deluxe,10/23/22,,,372,40000,11:43:34 23 Oct 2022
,House,_deluxe,10/23/22,,,371,40000,11:43:34 23 Oct 2022
,House,_deluxe,10/23/22,,,370,40000,11:43:34 23 Oct 2022
,House,_deluxe,10/23/22,,,37,40000,11:43:34 23 Oct 2022
,House,_deluxe,10/23/22,,,369,40000,11:43:34 23 Oct 2022
,House,_deluxe,10/23/22,,,368,40000,11:43:34 23 Oct 2022
,House,_deluxe,10/23/22,,,367,40000,11:43:34 23 Oct 2022
,House,_deluxe,10/23/22,,,366,40000,11:43:34 23 Oct 2022
,House,_deluxe,10/23/22,,,365,40000,11:43:34 23 Oct 2022
,House,_deluxe,10/23/22,,,364,40000,11:43:34 23 Oct 2022
,House,_deluxe,10/23/22,,,363,40000,11:43:34 23 Oct 2022
,House,_deluxe,10/23/22,,,362,40000,11:43:34 23 Oct 2022
,House,_deluxe,10/23/22,,,361,40000,11:43:34 23 Oct 2022
,House,_deluxe,10/23/22,,,360,40000,11:43:34 23 Oct 2022
,House,_deluxe,10/23/22,,,36,40000,11:43:34 23 Oct 2022
,House,_deluxe,10/23/22,,,359,40000,11:43:34 23 Oct 2022
,House,_deluxe,10/23/22,,,358,40000,11:43:34 23 Oct 2022
,House,_deluxe,10/23/22,,,357,40000,11:43:34 23 Oct 2022
,House,_deluxe,10/23/22,,,356,40000,11:43:34 23 Oct 2022
,House,_deluxe,10/23/22,,,355,40000,11:43:34 23 Oct 2022
,House,_deluxe,10/23/22,,,354,40000,11:43:34 23 Oct 2022
,House,_deluxe,10/23/22,,,353,40000,11:43:34 23 Oct 2022
,House,_deluxe,10/23/22,,,352,40000,11:43:34 23 Oct 2022
,House,_deluxe,10/23/22,,,351,40000,11:43:34 23 Oct 2022
,House,_deluxe,10/23/22,,,350,40000,11:43:34 23 Oct 2022
,House,_deluxe,10/23/22,,,35,40000,11:43:34 23 Oct 2022
,House,_deluxe,10/23/22,,,349,40000,11:43:34 23 Oct 2022
,House,_deluxe,10/23/22,,,348,40000,11:43:34 23 Oct 2022
,House,_deluxe,10/23/22,,,347,40000,11:43:34 23 Oct 2022
,House,_deluxe,10/23/22,,,346,40000,11:43:34 23 Oct 2022
,House,_deluxe,10/23/22,,,345,40000,11:43:34 23 Oct 2022
,House,_deluxe,10/23/22,,,344,40000,11:43:34 23 Oct 2022
,House,_deluxe,10/23/22,,,343,40000,11:43:34 23 Oct 2022
,House,_deluxe,10/23/22,,,342,40000,11:43:34 23 Oct 2022
,House,_deluxe,10/23/22,,,341,40000,11:43:34 23 Oct 2022
,House,_deluxe,10/23/22,,,340,40000,11:43:34 23 Oct 2022
,House,_deluxe,10/23/22,,,34,40000,11:43:34 23 Oct 2022
,House,_deluxe,10/23/22,,,339,40000,11:43:34 23 Oct 2022
,House,_deluxe,10/23/22,,,338,40000,11:43:34 23 Oct 2022
,House,_deluxe,10/23/22,,,337,40000,11:43:34 23 Oct 2022
,House,_deluxe,10/23/22,,,336,40000,11:43:34 23 Oct 2022
,House,_deluxe,10/23/22,,,335,40000,11:43:34 23 Oct 2022
,House,_deluxe,10/23/22,,,334,40000,11:43:34 23 Oct 2022
,House,_deluxe,10/23/22,,,333,40000,11:43:34 23 Oct 2022
,House,_deluxe,10/23/22,,,332,40000,11:43:34 23 Oct 2022
,House,_deluxe,10/23/22,,,331,40000,11:43:34 23 Oct 2022
,House,_deluxe,10/23/22,,,330,40000,11:43:34 23 Oct 2022
,House,_deluxe,10/23/22,,,33,40000,11:43:34 23 Oct 2022
,House,_deluxe,10/23/22,,,329,40000,11:43:34 23 Oct 2022
,House,_deluxe,10/23/22,,,328,40000,11:43:34 23 Oct 2022
,House,_deluxe,10/23/22,,,327,40000,11:43:34 23 Oct 2022
,House,_deluxe,10/23/22,,,326,40000,11:43:34 23 Oct 2022
,House,_deluxe,10/23/22,,,325,40000,11:43:34 23 Oct 2022
,House,_deluxe,10/23/22,,,324,40000,11:43:34 23 Oct 2022
,House,_deluxe,10/23/22,,,323,40000,11:43:34 23 Oct 2022
,House,_deluxe,10/23/22,,,322,40000,11:43:34 23 Oct 2022
,House,_deluxe,10/23/22,,,321,40000,11:43:34 23 Oct 2022
,House,_deluxe,10/23/22,,,320,40000,11:43:34 23 Oct 2022
,House,_deluxe,10/23/22,,,32,40000,11:43:34 23 Oct 2022
,House,_deluxe,10/23/22,,,319,40000,11:43:34 23 Oct 2022
,House,_deluxe,10/23/22,,,318,40000,11:43:34 23 Oct 2022
,House,_deluxe,10/23/22,,,317,40000,11:43:34 23 Oct 2022
,House,_deluxe,10/23/22,,,316,40000,11:43:34 23 Oct 2022
,House,_deluxe,10/23/22,,,315,40000,11:43:34 23 Oct 2022
,House,_deluxe,10/23/22,,,314,40000,11:43:34 23 Oct 2022
,House,_deluxe,10/23/22,,,313,40000,11:43:34 23 Oct 2022
,House,_deluxe,10/23/22,,,312,40000,11:43:34 23 Oct 2022
,House,_deluxe,10/23/22,,,311,40000,11:43:34 23 Oct 2022
,House,_deluxe,10/23/22,,,310,40000,11:43:34 23 Oct 2022
,House,_deluxe,10/23/22,,,31,40000,11:43:34 23 Oct 2022
,House,_deluxe,10/23/22,,,309,40000,11:43:34 23 Oct 2022
,House,_deluxe,10/23/22,,,308,40000,11:43:34 23 Oct 2022
,House,_deluxe,10/23/22,,,307,40000,11:43:34 23 Oct 2022
,House,_deluxe,10/23/22,,,306,40000,11:43:34 23 Oct 2022
,House,_deluxe,10/23/22,,,305,40000,11:43:34 23 Oct 2022
,House,_deluxe,10/23/22,,,304,40000,11:43:34 23 Oct 2022
,House,_deluxe,10/23/22,,,303,40000,11:43:34 23 Oct 2022
,House,_deluxe,10/23/22,,,302,40000,11:43:34 23 Oct 2022
,House,_deluxe,10/23/22,,,301,40000,11:43:34 23 Oct 2022
,House,_deluxe,10/23/22,,,300,40000,11:43:34 23 Oct 2022
,House,_deluxe,10/23/22,,,30,40000,11:43:34 23 Oct 2022
,House,_deluxe,10/23/22,,,3,40000,11:43:34 23 Oct 2022
,House,_deluxe,10/23/22,,.00005,299,40000,11:43:34 23 Oct 2022
,House,_deluxe,10/23/22,,,298,40000,11:43:34 23 Oct 2022
,House,_deluxe,10/23/22,,.00005,297,40000,11:43:34 23 Oct 2022
,House,_deluxe,10/23/22,,,296,40000,11:43:34 23 Oct 2022
,House,_deluxe,10/23/22,,.000025,295,40000,11:43:34 23 Oct 2022
,House,_deluxe,10/23/22,,,294,40000,11:43:34 23 Oct 2022
,House,_deluxe,10/23/22,,,293,40000,11:43:34 23 Oct 2022
,House,_deluxe,10/23/22,,.000025,292,40000,11:43:34 23 Oct 2022
,House,_deluxe,10/23/22,,.0001,291,40000,11:43:34 23 Oct 2022
,House,_deluxe,10/23/22,,.000025,290,40000,11:43:34 23 Oct 2022
,House,_deluxe,10/23/22,,,29,40000,11:43:34 23 Oct 2022
,House,_deluxe,10/23/22,,.000025,289,40000,11:43:34 23 Oct 2022
,House,_deluxe,10/23/22,,.00005,288,40000,11:43:34 23 Oct 2022
,House,_deluxe,10/23/22,,.000025,287,40000,11:43:34 23 Oct 2022
,House,_deluxe,10/23/22,,.00005,286,40000,11:43:34 23 Oct 2022
,House,_deluxe,10/23/22,,.000075,285,40000,11:43:34 23 Oct 2022
,House,_deluxe,10/23/22,,.00015,284,40000,11:43:34 23 Oct 2022
,House,_deluxe,10/23/22,,.0001,283,40000,11:43:34 23 Oct 2022
,House,_deluxe,10/23/22,,.000175,282,40000,11:43:34 23 Oct 2022
,House,_deluxe,10/23/22,,.000225,281,40000,11:43:34 23 Oct 2022
,House,_deluxe,10/23/22,,.000125,280,40000,11:43:34 23 Oct 2022
,House,_deluxe,10/23/22,,,28,40000,11:43:34 23 Oct 2022
,House,_deluxe,10/23/22,,.00025,279,40000,11:43:34 23 Oct 2022
,House,_deluxe,10/23/22,,.000175,278,40000,11:43:34 23 Oct 2022
,House,_deluxe,10/23/22,,.000275,277,40000,11:43:34 23 Oct 2022
,House,_deluxe,10/23/22,,.000225,276,40000,11:43:34 23 Oct 2022
,House,_deluxe,10/23/22,,.000475,275,40000,11:43:34 23 Oct 2022
,House,_deluxe,10/23/22,,.0003,274,40000,11:43:34 23 Oct 2022
,House,_deluxe,10/23/22,,.0006,272,40000,11:43:34 23 Oct 2022
,House,_deluxe,10/23/22,,.000625,271,40000,11:43:34 23 Oct 2022
,House,_deluxe,10/23/22,,,27,40000,11:43:34 23 Oct 2022
,House,_deluxe,10/23/22,,.001125,269,40000,11:43:34 23 Oct 2022
,House,_deluxe,10/23/22,.000025,.001625,264,40000,11:43:34 23 Oct 2022
,House,_deluxe,10/23/22,,,26,40000,11:43:34 23 Oct 2022
,House,_deluxe,10/23/22,,,25,40000,11:43:34 23 Oct 2022
,House,_deluxe,10/23/22,,,24,40000,11:43:34 23 Oct 2022
,House,_deluxe,10/23/22,,,23,40000,11:43:34 23 Oct 2022
,House,_deluxe,10/23/22,,,22,40000,11:43:34 23 Oct 2022
,House,_deluxe,10/23/22,,,21,40000,11:43:34 23 Oct 2022
2022,House,_deluxe,10/23/22,,.000425,273,40000,11:43:34 23 Oct 2022
2022,House,_deluxe,10/23/22,,.00085,270,40000,11:43:34 23 Oct 2022
2022,House,_deluxe,10/23/22,,.00075,268,40000,11:43:34 23 Oct 2022
2022,House,_deluxe,10/23/22,,.000825,267,40000,11:43:34 23 Oct 2022
2022,House,_deluxe,10/23/22,,.0014,266,40000,11:43:34 23 Oct 2022
2022,House,_deluxe,10/23/22,.000025,.0016,265,40000,11:43:34 23 Oct 2022
2022,House,_deluxe,10/23/22,.000025,.0015,263,40000,11:43:34 23 Oct 2022
2022,House,_deluxe,10/23/22,,.002325,262,40000,11:43:34 23 Oct 2022
2022,House,_deluxe,10/23/22,.00005,.0025,261,40000,11:43:34 23 Oct 2022
2022,House,_deluxe,10/23/22,,.002675,260,40000,11:43:34 23 Oct 2022
2022,House,_deluxe,10/23/22,,.0025,259,40000,11:43:34 23 Oct 2022
2022,House,_deluxe,10/23/22,.000025,.0035,258,40000,11:43:34 23 Oct 2022
2022,House,_deluxe,10/23/22,.000025,.004125,257,40000,11:43:34 23 Oct 2022
2022,House,_deluxe,10/23/22,.000025,.00405,256,40000,11:43:34 23 Oct 2022
2022,House,_deluxe,10/23/22,.00005,.005,255,40000,11:43:34 23 Oct 2022
2022,House,_deluxe,10/23/22,,.0058,254,40000,11:43:34 23 Oct 2022
2022,House,_deluxe,10/23/22,.000025,.0057,253,40000,11:43:34 23 Oct 2022
2022,House,_deluxe,10/23/22,.00005,.0067,252,40000,11:43:34 23 Oct 2022
2022,House,_deluxe,10/23/22,.000075,.007375,251,40000,11:43:34 23 Oct 2022
2022,House,_deluxe,10/23/22,.000175,.00775,250,40000,11:43:34 23 Oct 2022
2022,House,_deluxe,10/23/22,.000175,.00865,249,40000,11:43:34 23 Oct 2022
2022,House,_deluxe,10/23/22,.000125,.008775,248,40000,11:43:34 23 Oct 2022
2022,House,_deluxe,10/23/22,.000225,.01105,247,40000,11:43:34 23 Oct 2022
2022,House,_deluxe,10/23/22,.0003,.01125,246,40000,11:43:34 23 Oct 2022
2022,House,_deluxe,10/23/22,.0003,.012975,245,40000,11:43:34 23 Oct 2022
2022,House,_deluxe,10/23/22,.00045,.0135,244,40000,11:43:34 23 Oct 2022
2022,House,_deluxe,10/23/22,.0007,.0152,243,40000,11:43:34 23 Oct 2022
2022,House,_deluxe,10/23/22,.0007,.015825,242,40000,11:43:34 23 Oct 2022
2022,House,_deluxe,10/23/22,.00075,.0174,241,40000,11:43:34 23 Oct 2022
2022,House,_deluxe,10/23/22,.001025,.018125,240,40000,11:43:34 23 Oct 2022
2022,House,_deluxe,10/23/22,.00075,.0183,239,40000,11:43:34 23 Oct 2022
2022,House,_deluxe,10/23/22,.001375,.021525,238,40000,11:43:34 23 Oct 2022
2022,House,_deluxe,10/23/22,.0015,.023275,237,40000,11:43:34 23 Oct 2022
2022,House,_deluxe,10/23/22,.001575,.023725,236,40000,11:43:34 23 Oct 2022
2022,House,_deluxe,10/23/22,.002175,.023875,235,40000,11:43:34 23 Oct 2022
2022,House,_deluxe,10/23/22,.0026,.025775,234,40000,11:43:34 23 Oct 2022
2022,House,_deluxe,10/23/22,.002875,.02635,233,40000,11:43:34 23 Oct 2022
2022,House,_deluxe,10/23/22,.00425,.028075,232,40000,11:43:34 23 Oct 2022
2022,House,_deluxe,10/23/22,.004475,.0287,231,40000,11:43:34 23 Oct 2022
2022,House,_deluxe,10/23/22,.00465,.029525,230,40000,11:43:34 23 Oct 2022
2022,House,_deluxe,10/23/22,.006975,.02965,229,40000,11:43:34 23 Oct 2022
2022,House,_deluxe,10/23/22,.006775,.029375,228,40000,11:43:34 23 Oct 2022
2022,House,_deluxe,10/23/22,.008475,.0307,227,40000,11:43:34 23 Oct 2022
2022,House,_deluxe,10/23/22,.0101,.030175,226,40000,11:43:34 23 Oct 2022
2022,House,_deluxe,10/23/22,.01015,.03205,225,40000,11:43:34 23 Oct 2022
2022,House,_deluxe,10/23/22,.01225,.03045,224,40000,11:43:34 23 Oct 2022
2022,House,_deluxe,10/23/22,.0146,.02885,223,40000,11:43:34 23 Oct 2022
2022,House,_deluxe,10/23/22,.015525,.02975,222,40000,11:43:34 23 Oct 2022
2022,House,_deluxe,10/23/22,.018325,.027325,221,40000,11:43:34 23 Oct 2022
2022,House,_deluxe,10/23/22,.018675,.02625,220,40000,11:43:34 23 Oct 2022
2022,House,_deluxe,10/23/22,.02285,.0261,219,40000,11:43:34 23 Oct 2022
2022,House,_deluxe,10/23/22,.0233,.0236,218,40000,11:43:34 23 Oct 2022
2022,House,_deluxe,10/23/22,.0236,.0233,217,40000,11:43:34 23 Oct 2022
2022,House,_deluxe,10/23/22,.0261,.02285,216,40000,11:43:34 23 Oct 2022
2022,House,_deluxe,10/23/22,.02625,.018675,215,40000,11:43:34 23 Oct 2022
2022,House,_deluxe,10/23/22,.027325,.018325,214,40000,11:43:34 23 Oct 2022
2022,House,_deluxe,10/23/22,.02975,.015525,213,40000,11:43:34 23 Oct 2022
2022,House,_deluxe,10/23/22,.02885,.0146,212,40000,11:43:34 23 Oct 2022
2022,House,_deluxe,10/23/22,.03045,.01225,211,40000,11:43:34 23 Oct 2022
2022,House,_deluxe,10/23/22,.03205,.01015,210,40000,11:43:34 23 Oct 2022
2022,House,_deluxe,10/23/22,.030175,.0101,209,40000,11:43:34 23 Oct 2022
2022,House,_deluxe,10/23/22,.0307,.008475,208,40000,11:43:34 23 Oct 2022
2022,House,_deluxe,10/23/22,.029375,.006775,207,40000,11:43:34 23 Oct 2022
2022,House,_deluxe,10/23/22,.02965,.006975,206,40000,11:43:34 23 Oct 2022
2022,House,_deluxe,10/23/22,.029525,.00465,205,40000,11:43:34 23 Oct 2022
2022,House,_deluxe,10/23/22,.0287,.004475,204,40000,11:43:34 23 Oct 2022
2022,House,_deluxe,10/23/22,.028075,.00425,203,40000,11:43:34 23 Oct 2022
2022,House,_deluxe,10/23/22,.02635,.002875,202,40000,11:43:34 23 Oct 2022
2022,House,_deluxe,10/23/22,.025775,.0026,201,40000,11:43:34 23 Oct 2022
2022,House,_deluxe,10/23/22,.023875,.002175,200,40000,11:43:34 23 Oct 2022
2022,House,_deluxe,10/23/22,.023725,.001575,199,40000,11:43:34 23 Oct 2022
2022,House,_deluxe,10/23/22,.023275,.0015,198,40000,11:43:34 23 Oct 2022
2022,House,_deluxe,10/23/22,.021525,.001375,197,40000,11:43:34 23 Oct 2022
2022,House,_deluxe,10/23/22,.0183,.00075,196,40000,11:43:34 23 Oct 2022
2022,House,_deluxe,10/23/22,.018125,.001025,195,40000,11:43:34 23 Oct 2022
2022,House,_deluxe,10/23/22,.0174,.00075,194,40000,11:43:34 23 Oct 2022
2022,House,_deluxe,10/23/22,.015825,.0007,193,40000,11:43:34 23 Oct 2022
2022,House,_deluxe,10/23/22,.0152,.0007,192,40000,11:43:34 23 Oct 2022
2022,House,_deluxe,10/23/22,.0135,.00045,191,40000,11:43:34 23 Oct 2022
2022,House,_deluxe,10/23/22,.012975,.0003,190,40000,11:43:34 23 Oct 2022
2022,House,_deluxe,10/23/22,.01125,.0003,189,40000,11:43:34 23 Oct 2022
2022,House,_deluxe,10/23/22,.01105,.000225,188,40000,11:43:34 23 Oct 2022
2022,House,_deluxe,10/23/22,.008775,.000125,187,40000,11:43:34 23 Oct 2022
2022,House,_deluxe,10/23/22,.00865,.000175,186,40000,11:43:34 23 Oct 2022
2022,House,_deluxe,10/23/22,.00775,.000175,185,40000,11:43:34 23 Oct 2022
2022,House,_deluxe,10/23/22,.007375,.000075,184,40000,11:43:34 23 Oct 2022
2022,House,_deluxe,10/23/22,.0067,.00005,183,40000,11:43:34 23 Oct 2022
2022,House,_deluxe,10/23/22,.0057,.000025,182,40000,11:43:34 23 Oct 2022
2022,House,_deluxe,10/23/22,.0058,,181,40000,11:43:34 23 Oct 2022
2022,House,_deluxe,10/23/22,.005,.00005,180,40000,11:43:34 23 Oct 2022
2022,House,_deluxe,10/23/22,.00405,.000025,179,40000,11:43:34 23 Oct 2022
2022,House,_deluxe,10/23/22,.004125,.000025,178,40000,11:43:34 23 Oct 2022
2022,House,_deluxe,10/23/22,.0035,.000025,177,40000,11:43:34 23 Oct 2022
2022,House,_deluxe,10/23/22,.0025,,176,40000,11:43:34 23 Oct 2022
2022,House,_deluxe,10/23/22,.002675,,175,40000,11:43:34 23 Oct 2022
2022,House,_deluxe,10/23/22,.0025,.00005,174,40000,11:43:34 23 Oct 2022
2022,House,_deluxe,10/23/22,.002325,,173,40000,11:43:34 23 Oct 2022
2022,House,_deluxe,10/23/22,.0015,.000025,172,40000,11:43:34 23 Oct 2022
2022,House,_deluxe,10/23/22,.001625,.000025,171,40000,11:43:34 23 Oct 2022
2022,House,_deluxe,10/23/22,.0016,.000025,170,40000,11:43:34 23 Oct 2022
2022,House,_deluxe,10/23/22,.0014,,169,40000,11:43:34 23 Oct 2022
2022,House,_deluxe,10/23/22,.000825,,168,40000,11:43:34 23 Oct 2022
2022,House,_deluxe,10/23/22,.00075,,167,40000,11:43:34 23 Oct 2022
2022,House,_deluxe,10/23/22,.001125,,166,40000,11:43:34 23 Oct 2022
2022,House,_deluxe,10/23/22,.00085,,165,40000,11:43:34 23 Oct 2022
2022,House,_deluxe,10/23/22,.000625,,164,40000,11:43:34 23 Oct 2022
2022,House,_deluxe,10/23/22,.0006,,163,40000,11:43:34 23 Oct 2022
2022,House,_deluxe,10/23/22,.000425,,162,40000,11:43:34 23 Oct 2022
2022,House,_deluxe,10/23/22,.0003,,161,40000,11:43:34 23 Oct 2022
2022,House,_deluxe,10/23/22,.000475,,160,40000,11:43:34 23 Oct 2022
2022,House,_deluxe,10/23/22,.000225,,159,40000,11:43:34 23 Oct 2022
2022,House,_deluxe,10/23/22,.000275,,158,40000,11:43:34 23 Oct 2022
2022,House,_deluxe,10/23/22,.000175,,157,40000,11:43:34 23 Oct 2022
2022,House,_deluxe,10/23/22,.00025,,156,40000,11:43:34 23 Oct 2022
2022,House,_deluxe,10/23/22,.000125,,155,40000,11:43:34 23 Oct 2022
2022,House,_deluxe,10/23/22,.000225,,154,40000,11:43:34 23 Oct 2022
2022,House,_deluxe,10/23/22,.000175,,153,40000,11:43:34 23 Oct 2022
2022,House,_deluxe,10/23/22,.0001,,152,40000,11:43:34 23 Oct 2022
2022,House,_deluxe,10/23/22,.00015,,151,40000,11:43:34 23 Oct 2022
2022,House,_deluxe,10/23/22,.000075,,150,40000,11:43:34 23 Oct 2022
2022,House,_deluxe,10/23/22,.00005,,149,40000,11:43:34 23 Oct 2022
2022,House,_deluxe,10/23/22,.000025,,148,40000,11:43:34 23 Oct 2022
2022,House,_deluxe,10/23/22,.00005,,147,40000,11:43:34 23 Oct 2022
2022,House,_deluxe,10/23/22,.000025,,146,40000,11:43:34 23 Oct 2022
2022,House,_deluxe,10/23/22,.000025,,145,40000,11:43:34 23 Oct 2022
2022,House,_deluxe,10/23/22,.0001,,144,40000,11:43:34 23 Oct 2022
2022,House,_deluxe,10/23/22,.000025,,143,40000,11:43:34 23 Oct 2022
2022,House,_deluxe,10/23/22,,,142,40000,11:43:34 23 Oct 2022
2022,House,_deluxe,10/23/22,,,141,40000,11:43:34 23 Oct 2022
2022,House,_deluxe,10/23/22,.000025,,140,40000,11:43:34 23 Oct 2022
2022,House,_deluxe,10/23/22,,,139,40000,11:43:34 23 Oct 2022
2022,House,_deluxe,10/23/22,.00005,,138,40000,11:43:34 23 Oct 2022
2022,House,_deluxe,10/23/22,,,135,40000,11:43:34 23 Oct 2022
2022,House,_deluxe,10/23/22,,,134,40000,11:43:34 23 Oct 2022
2022,House,_deluxe,10/23/22,,,132,40000,11:43:34 23 Oct 2022
,House,_deluxe,10/23/22,,,20,40000,11:43:34 23 Oct 2022
,House,_deluxe,10/23/22,,,2,40000,11:43:34 23 Oct 2022
,House,_deluxe,10/23/22,,,19,40000,11:43:34 23 Oct 2022
,House,_deluxe,10/23/22,,,18,40000,11:43:34 23 Oct 2022
,House,_deluxe,10/23/22,,,17,40000,11:43:34 23 Oct 2022
,House,_deluxe,10/23/22,,,16,40000,11:43:34 23 Oct 2022
,House,_deluxe,10/23/22,,,15,40000,11:43:34 23 Oct 2022
,House,_deluxe,10/23/22,,,14,40000,11:43:34 23 Oct 2022
,House,_deluxe,10/23/22,,,137,40000,11:43:34 23 Oct 2022
,House,_deluxe,10/23/22,.00005,,136,40000,11:43:34 23 Oct 2022
,House,_deluxe,10/23/22,,,133,40000,11:43:34 23 Oct 2022
,House,_deluxe,10/23/22,,,131,40000,11:43:34 23 Oct 2022
,House,_deluxe,10/23/22,,,130,40000,11:43:34 23 Oct 2022
,House,_deluxe,10/23/22,,,13,40000,11:43:34 23 Oct 2022
,House,_deluxe,10/23/22,,,129,40000,11:43:34 23 Oct 2022
,House,_deluxe,10/23/22,,,128,40000,11:43:34 23 Oct 2022
,House,_deluxe,10/23/22,,,127,40000,11:43:34 23 Oct 2022
,House,_deluxe,10/23/22,,,126,40000,11:43:34 23 Oct 2022
,House,_deluxe,10/23/22,,,125,40000,11:43:34 23 Oct 2022
,House,_deluxe,10/23/22,,,124,40000,11:43:34 23 Oct 2022
,House,_deluxe,10/23/22,,,123,40000,11:43:34 23 Oct 2022
,House,_deluxe,10/23/22,,,122,40000,11:43:34 23 Oct 2022
,House,_deluxe,10/23/22,,,121,40000,11:43:34 23 Oct 2022
,House,_deluxe,10/23/22,,,120,40000,11:43:34 23 Oct 2022
,House,_deluxe,10/23/22,,,12,40000,11:43:34 23 Oct 2022
,House,_deluxe,10/23/22,,,119,40000,11:43:34 23 Oct 2022
,House,_deluxe,10/23/22,,,118,40000,11:43:34 23 Oct 2022
,House,_deluxe,10/23/22,,,117,40000,11:43:34 23 Oct 2022
,House,_deluxe,10/23/22,,,116,40000,11:43:34 23 Oct 2022
,House,_deluxe,10/23/22,,,115,40000,11:43:34 23 Oct 2022
,House,_deluxe,10/23/22,,,114,40000,11:43:34 23 Oct 2022
,House,_deluxe,10/23/22,,,113,40000,11:43:34 23 Oct 2022
,House,_deluxe,10/23/22,,,112,40000,11:43:34 23 Oct 2022
,House,_deluxe,10/23/22,,,111,40000,11:43:34 23 Oct 2022
,House,_deluxe,10/23/22,,,110,40000,11:43:34 23 Oct 2022
,House,_deluxe,10/23/22,,,11,40000,11:43:34 23 Oct 2022
,House,_deluxe,10/23/22,,,109,40000,11:43:34 23 Oct 2022
,House,_deluxe,10/23/22,,,108,40000,11:43:34 23 Oct 2022
,House,_deluxe,10/23/22,,,107,40000,11:43:34 23 Oct 2022
,House,_deluxe,10/23/22,,,106,40000,11:43:34 23 Oct 2022
,House,_deluxe,10/23/22,,,105,40000,11:43:34 23 Oct 2022
,House,_deluxe,10/23/22,,,104,40000,11:43:34 23 Oct 2022
,House,_deluxe,10/23/22,,,103,40000,11:43:34 23 Oct 2022
,House,_deluxe,10/23/22,,,102,40000,11:43:34 23 Oct 2022
,House,_deluxe,10/23/22,,,101,40000,11:43:34 23 Oct 2022
,House,_deluxe,10/23/22,,,100,40000,11:43:34 23 Oct 2022
,House,_deluxe,10/23/22,,,10,40000,11:43:34 23 Oct 2022
,House,_deluxe,10/23/22,,,1,40000,11:43:34 23 Oct 2022
,House,_deluxe,10/23/22,,,0,40000,11:43:34 23 Oct 2022
,House,_classic,10/23/22,,,99,40000,11:43:34 23 Oct 2022
,House,_classic,10/23/22,,,98,40000,11:43:34 23 Oct 2022
,House,_classic,10/23/22,,,97,40000,11:43:34 23 Oct 2022
,House,_classic,10/23/22,,,96,40000,11:43:34 23 Oct 2022
,House,_classic,10/23/22,,,95,40000,11:43:34 23 Oct 2022
,House,_classic,10/23/22,,,94,40000,11:43:34 23 Oct 2022
,House,_classic,10/23/22,,,93,40000,11:43:34 23 Oct 2022
,House,_classic,10/23/22,,,92,40000,11:43:34 23 Oct 2022
,House,_classic,10/23/22,,,91,40000,11:43:34 23 Oct 2022
,House,_classic,10/23/22,,,90,40000,11:43:34 23 Oct 2022
,House,_classic,10/23/22,,,9,40000,11:43:34 23 Oct 2022
,House,_classic,10/23/22,,,89,40000,11:43:34 23 Oct 2022
,House,_classic,10/23/22,,,88,40000,11:43:34 23 Oct 2022
,House,_classic,10/23/22,,,87,40000,11:43:34 23 Oct 2022
,House,_classic,10/23/22,,,86,40000,11:43:34 23 Oct 2022
,House,_classic,10/23/22,,,85,40000,11:43:34 23 Oct 2022
,House,_classic,10/23/22,,,84,40000,11:43:34 23 Oct 2022
,House,_classic,10/23/22,,,83,40000,11:43:34 23 Oct 2022
,House,_classic,10/23/22,,,82,40000,11:43:34 23 Oct 2022
,House,_classic,10/23/22,,,81,40000,11:43:34 23 Oct 2022
,House,_classic,10/23/22,,,80,40000,11:43:34 23 Oct 2022
,House,_classic,10/23/22,,,8,40000,11:43:34 23 Oct 2022
,House,_classic,10/23/22,,,79,40000,11:43:34 23 Oct 2022
,House,_classic,10/23/22,,,78,40000,11:43:34 23 Oct 2022
,House,_classic,10/23/22,,,77,40000,11:43:34 23 Oct 2022
,House,_classic,10/23/22,,,76,40000,11:43:34 23 Oct 2022
,House,_classic,10/23/22,,,75,40000,11:43:34 23 Oct 2022
,House,_classic,10/23/22,,,74,40000,11:43:34 23 Oct 2022
,House,_classic,10/23/22,,,73,40000,11:43:34 23 Oct 2022
,House,_classic,10/23/22,,,72,40000,11:43:34 23 Oct 2022
,House,_classic,10/23/22,,,71,40000,11:43:34 23 Oct 2022
,House,_classic,10/23/22,,,70,40000,11:43:34 23 Oct 2022
,House,_classic,10/23/22,,,7,40000,11:43:34 23 Oct 2022
,House,_classic,10/23/22,,,69,40000,11:43:34 23 Oct 2022
,House,_classic,10/23/22,,,68,40000,11:43:34 23 Oct 2022
,House,_classic,10/23/22,,,67,40000,11:43:34 23 Oct 2022
,House,_classic,10/23/22,,,66,40000,11:43:34 23 Oct 2022
,House,_classic,10/23/22,,,65,40000,11:43:34 23 Oct 2022
,House,_classic,10/23/22,,,64,40000,11:43:34 23 Oct 2022
,House,_classic,10/23/22,,,63,40000,11:43:34 23 Oct 2022
,House,_classic,10/23/22,,,62,40000,11:43:34 23 Oct 2022
,House,_classic,10/23/22,,,61,40000,11:43:34 23 Oct 2022
,House,_classic,10/23/22,,,60,40000,11:43:34 23 Oct 2022
,House,_classic,10/23/22,,,6,40000,11:43:34 23 Oct 2022
,House,_classic,10/23/22,,,59,40000,11:43:34 23 Oct 2022
,House,_classic,10/23/22,,,58,40000,11:43:34 23 Oct 2022
,House,_classic,10/23/22,,,57,40000,11:43:34 23 Oct 2022
,House,_classic,10/23/22,,,56,40000,11:43:34 23 Oct 2022
,House,_classic,10/23/22,,,55,40000,11:43:34 23 Oct 2022
,House,_classic,10/23/22,,,54,40000,11:43:34 23 Oct 2022
,House,_classic,10/23/22,,,53,40000,11:43:34 23 Oct 2022
,House,_classic,10/23/22,,,52,40000,11:43:34 23 Oct 2022
,House,_classic,10/23/22,,,51,40000,11:43:34 23 Oct 2022
,House,_classic,10/23/22,,,50,40000,11:43:34 23 Oct 2022
,House,_classic,10/23/22,,,5,40000,11:43:34 23 Oct 2022
,House,_classic,10/23/22,,,49,40000,11:43:34 23 Oct 2022
,House,_classic,10/23/22,,,48,40000,11:43:34 23 Oct 2022
,House,_classic,10/23/22,,,47,40000,11:43:34 23 Oct 2022
,House,_classic,10/23/22,,,46,40000,11:43:34 23 Oct 2022
,House,_classic,10/23/22,,,45,40000,11:43:34 23 Oct 2022
,House,_classic,10/23/22,,,44,40000,11:43:34 23 Oct 2022
,House,_classic,10/23/22,,,435,40000,11:43:34 23 Oct 2022
,House,_classic,10/23/22,,,434,40000,11:43:34 23 Oct 2022
,House,_classic,10/23/22,,,433,40000,11:43:34 23 Oct 2022
,House,_classic,10/23/22,,,432,40000,11:43:34 23 Oct 2022
,House,_classic,10/23/22,,,431,40000,11:43:34 23 Oct 2022
,House,_classic,10/23/22,,,430,40000,11:43:34 23 Oct 2022
,House,_classic,10/23/22,,,43,40000,11:43:34 23 Oct 2022
,House,_classic,10/23/22,,,429,40000,11:43:34 23 Oct 2022
,House,_classic,10/23/22,,,428,40000,11:43:34 23 Oct 2022
,House,_classic,10/23/22,,,427,40000,11:43:34 23 Oct 2022
,House,_classic,10/23/22,,,426,40000,11:43:34 23 Oct 2022
,House,_classic,10/23/22,,,425,40000,11:43:34 23 Oct 2022
,House,_classic,10/23/22,,,424,40000,11:43:34 23 Oct 2022
,House,_classic,10/23/22,,,423,40000,11:43:34 23 Oct 2022
,House,_classic,10/23/22,,,422,40000,11:43:34 23 Oct 2022
,House,_classic,10/23/22,,,421,40000,11:43:34 23 Oct 2022
,House,_classic,10/23/22,,,420,40000,11:43:34 23 Oct 2022
,House,_classic,10/23/22,,,42,40000,11:43:34 23 Oct 2022
,House,_classic,10/23/22,,,419,40000,11:43:34 23 Oct 2022
,House,_classic,10/23/22,,,418,40000,11:43:34 23 Oct 2022
,House,_classic,10/23/22,,,417,40000,11:43:34 23 Oct 2022
,House,_classic,10/23/22,,,416,40000,11:43:34 23 Oct 2022
,House,_classic,10/23/22,,,415,40000,11:43:34 23 Oct 2022
,House,_classic,10/23/22,,,414,40000,11:43:34 23 Oct 2022
,House,_classic,10/23/22,,,413,40000,11:43:34 23 Oct 2022
,House,_classic,10/23/22,,,412,40000,11:43:34 23 Oct 2022
,House,_classic,10/23/22,,,411,40000,11:43:34 23 Oct 2022
,House,_classic,10/23/22,,,410,40000,11:43:34 23 Oct 2022
,House,_classic,10/23/22,,,41,40000,11:43:34 23 Oct 2022
,House,_classic,10/23/22,,,409,40000,11:43:34 23 Oct 2022
,House,_classic,10/23/22,,,408,40000,11:43:34 23 Oct 2022
,House,_classic,10/23/22,,,407,40000,11:43:34 23 Oct 2022
,House,_classic,10/23/22,,,406,40000,11:43:34 23 Oct 2022
,House,_classic,10/23/22,,,405,40000,11:43:34 23 Oct 2022
,House,_classic,10/23/22,,,404,40000,11:43:34 23 Oct 2022
,House,_classic,10/23/22,,,403,40000,11:43:34 23 Oct 2022
,House,_classic,10/23/22,,,402,40000,11:43:34 23 Oct 2022
,House,_classic,10/23/22,,,401,40000,11:43:34 23 Oct 2022
,House,_classic,10/23/22,,,400,40000,11:43:34 23 Oct 2022
,House,_classic,10/23/22,,,40,40000,11:43:34 23 Oct 2022
,House,_classic,10/23/22,,,4,40000,11:43:34 23 Oct 2022
,House,_classic,10/23/22,,,399,40000,11:43:34 23 Oct 2022
,House,_classic,10/23/22,,,398,40000,11:43:34 23 Oct 2022
,House,_classic,10/23/22,,,397,40000,11:43:34 23 Oct 2022
,House,_classic,10/23/22,,,396,40000,11:43:34 23 Oct 2022
,House,_classic,10/23/22,,,395,40000,11:43:34 23 Oct 2022
,House,_classic,10/23/22,,,394,40000,11:43:34 23 Oct 2022
,House,_classic,10/23/22,,,393,40000,11:43:34 23 Oct 2022
,House,_classic,10/23/22,,,392,40000,11:43:34 23 Oct 2022
,House,_classic,10/23/22,,,391,40000,11:43:34 23 Oct 2022
,House,_classic,10/23/22,,,390,40000,11:43:34 23 Oct 2022
,House,_classic,10/23/22,,,39,40000,11:43:34 23 Oct 2022
,House,_classic,10/23/22,,,389,40000,11:43:34 23 Oct 2022
,House,_classic,10/23/22,,,388,40000,11:43:34 23 Oct 2022
,House,_classic,10/23/22,,,387,40000,11:43:34 23 Oct 2022
,House,_classic,10/23/22,,,386,40000,11:43:34 23 Oct 2022
,House,_classic,10/23/22,,,385,40000,11:43:34 23 Oct 2022
,House,_classic,10/23/22,,,384,40000,11:43:34 23 Oct 2022
,House,_classic,10/23/22,,,383,40000,11:43:34 23 Oct 2022
,House,_classic,10/23/22,,,382,40000,11:43:34 23 Oct 2022
,House,_classic,10/23/22,,,381,40000,11:43:34 23 Oct 2022
,House,_classic,10/23/22,,,380,40000,11:43:34 23 Oct 2022
,House,_classic,10/23/22,,,38,40000,11:43:34 23 Oct 2022
,House,_classic,10/23/22,,,379,40000,11:43:34 23 Oct 2022
,House,_classic,10/23/22,,,378,40000,11:43:34 23 Oct 2022
,House,_classic,10/23/22,,,377,40000,11:43:34 23 Oct 2022
,House,_classic,10/23/22,,,376,40000,11:43:34 23 Oct 2022
,House,_classic,10/23/22,,,375,40000,11:43:34 23 Oct 2022
,House,_classic,10/23/22,,,374,40000,11:43:34 23 Oct 2022
,House,_classic,10/23/22,,,373,40000,11:43:34 23 Oct 2022
,House,_classic,10/23/22,,,372,40000,11:43:34 23 Oct 2022
,House,_classic,10/23/22,,,371,40000,11:43:34 23 Oct 2022
,House,_classic,10/23/22,,,370,40000,11:43:34 23 Oct 2022
,House,_classic,10/23/22,,,37,40000,11:43:34 23 Oct 2022
,House,_classic,10/23/22,,,369,40000,11:43:34 23 Oct 2022
,House,_classic,10/23/22,,,368,40000,11:43:34 23 Oct 2022
,House,_classic,10/23/22,,,367,40000,11:43:34 23 Oct 2022
,House,_classic,10/23/22,,,366,40000,11:43:34 23 Oct 2022
,House,_classic,10/23/22,,,365,40000,11:43:34 23 Oct 2022
,House,_classic,10/23/22,,,364,40000,11:43:34 23 Oct 2022
,House,_classic,10/23/22,,,363,40000,11:43:34 23 Oct 2022
,House,_classic,10/23/22,,,362,40000,11:43:34 23 Oct 2022
,House,_classic,10/23/22,,,361,40000,11:43:34 23 Oct 2022
,House,_classic,10/23/22,,,360,40000,11:43:34 23 Oct 2022
,House,_classic,10/23/22,,,36,40000,11:43:34 23 Oct 2022
,House,_classic,10/23/22,,,359,40000,11:43:34 23 Oct 2022
,House,_classic,10/23/22,,,358,40000,11:43:34 23 Oct 2022
,House,_classic,10/23/22,,,357,40000,11:43:34 23 Oct 2022
,House,_classic,10/23/22,,,356,40000,11:43:34 23 Oct 2022
,House,_classic,10/23/22,,,355,40000,11:43:34 23 Oct 2022
,House,_classic,10/23/22,,,354,40000,11:43:34 23 Oct 2022
,House,_classic,10/23/22,,,353,40000,11:43:34 23 Oct 2022
,House,_classic,10/23/22,,,352,40000,11:43:34 23 Oct 2022
,House,_classic,10/23/22,,,351,40000,11:43:34 23 Oct 2022
,House,_classic,10/23/22,,,350,40000,11:43:34 23 Oct 2022
,House,_classic,10/23/22,,,35,40000,11:43:34 23 Oct 2022
,House,_classic,10/23/22,,,349,40000,11:43:34 23 Oct 2022
,House,_classic,10/23/22,,,348,40000,11:43:34 23 Oct 2022
,House,_classic,10/23/22,,,347,40000,11:43:34 23 Oct 2022
,House,_classic,10/23/22,,,346,40000,11:43:34 23 Oct 2022
,House,_classic,10/23/22,,,345,40000,11:43:34 23 Oct 2022
,House,_classic,10/23/22,,,344,40000,11:43:34 23 Oct 2022
,House,_classic,10/23/22,,,343,40000,11:43:34 23 Oct 2022
,House,_classic,10/23/22,,,342,40000,11:43:34 23 Oct 2022
,House,_classic,10/23/22,,,341,40000,11:43:34 23 Oct 2022
,House,_classic,10/23/22,,,340,40000,11:43:34 23 Oct 2022
,House,_classic,10/23/22,,,34,40000,11:43:34 23 Oct 2022
,House,_classic,10/23/22,,,339,40000,11:43:34 23 Oct 2022
,House,_classic,10/23/22,,,338,40000,11:43:34 23 Oct 2022
,House,_classic,10/23/22,,,337,40000,11:43:34 23 Oct 2022
,House,_classic,10/23/22,,,336,40000,11:43:34 23 Oct 2022
,House,_classic,10/23/22,,,335,40000,11:43:34 23 Oct 2022
,House,_classic,10/23/22,,,334,40000,11:43:34 23 Oct 2022
,House,_classic,10/23/22,,,333,40000,11:43:34 23 Oct 2022
,House,_classic,10/23/22,,,332,40000,11:43:34 23 Oct 2022
,House,_classic,10/23/22,,,331,40000,11:43:34 23 Oct 2022
,House,_classic,10/23/22,,,330,40000,11:43:34 23 Oct 2022
,House,_classic,10/23/22,,,33,40000,11:43:34 23 Oct 2022
,House,_classic,10/23/22,,,329,40000,11:43:34 23 Oct 2022
,House,_classic,10/23/22,,,328,40000,11:43:34 23 Oct 2022
,House,_classic,10/23/22,,,327,40000,11:43:34 23 Oct 2022
,House,_classic,10/23/22,,,326,40000,11:43:34 23 Oct 2022
,House,_classic,10/23/22,,,325,40000,11:43:34 23 Oct 2022
,House,_classic,10/23/22,,,324,40000,11:43:34 23 Oct 2022
,House,_classic,10/23/22,,,323,40000,11:43:34 23 Oct 2022
,House,_classic,10/23/22,,,322,40000,11:43:34 23 Oct 2022
,House,_classic,10/23/22,,,321,40000,11:43:34 23 Oct 2022
,House,_classic,10/23/22,,,320,40000,11:43:34 23 Oct 2022
,House,_classic,10/23/22,,,32,40000,11:43:34 23 Oct 2022
,House,_classic,10/23/22,,,319,40000,11:43:34 23 Oct 2022
,House,_classic,10/23/22,,,318,40000,11:43:34 23 Oct 2022
,House,_classic,10/23/22,,,317,40000,11:43:34 23 Oct 2022
,House,_classic,10/23/22,,,316,40000,11:43:34 23 Oct 2022
,House,_classic,10/23/22,,,315,40000,11:43:34 23 Oct 2022
,House,_classic,10/23/22,,,314,40000,11:43:34 23 Oct 2022
,House,_classic,10/23/22,,,313,40000,11:43:34 23 Oct 2022
,House,_classic,10/23/22,,,312,40000,11:43:34 23 Oct 2022
,House,_classic,10/23/22,,,311,40000,11:43:34 23 Oct 2022
,House,_classic,10/23/22,,,310,40000,11:43:34 23 Oct 2022
,House,_classic,10/23/22,,,31,40000,11:43:34 23 Oct 2022
,House,_classic,10/23/22,,,309,40000,11:43:34 23 Oct 2022
,House,_classic,10/23/22,,,308,40000,11:43:34 23 Oct 2022
,House,_classic,10/23/22,,,307,40000,11:43:34 23 Oct 2022
,House,_classic,10/23/22,,,306,40000,11:43:34 23 Oct 2022
,House,_classic,10/23/22,,,305,40000,11:43:34 23 Oct 2022
,House,_classic,10/23/22,,,304,40000,11:43:34 23 Oct 2022
,House,_classic,10/23/22,,.000075,303,40000,11:43:34 23 Oct 2022
,House,_classic,10/23/22,,,302,40000,11:43:34 23 Oct 2022
,House,_classic,10/23/22,,.000025,301,40000,11:43:34 23 Oct 2022
,House,_classic,10/23/22,,.000025,300,40000,11:43:34 23 Oct 2022
,House,_classic,10/23/22,,,30,40000,11:43:34 23 Oct 2022
,House,_classic,10/23/22,,,3,40000,11:43:34 23 Oct 2022
,House,_classic,10/23/22,,,299,40000,11:43:34 23 Oct 2022
,House,_classic,10/23/22,,,298,40000,11:43:34 23 Oct 2022
,House,_classic,10/23/22,,.00005,297,40000,11:43:34 23 Oct 2022
,House,_classic,10/23/22,,.000075,296,40000,11:43:34 23 Oct 2022
,House,_classic,10/23/22,,.000025,295,40000,11:43:34 23 Oct 2022
,House,_classic,10/23/22,,.0001,294,40000,11:43:34 23 Oct 2022
,House,_classic,10/23/22,,.000025,293,40000,11:43:34 23 Oct 2022
,House,_classic,10/23/22,,.00015,292,40000,11:43:34 23 Oct 2022
,House,_classic,10/23/22,,.00005,291,40000,11:43:34 23 Oct 2022
,House,_classic,10/23/22,,.00005,290,40000,11:43:34 23 Oct 2022
,House,_classic,10/23/22,,,29,40000,11:43:34 23 Oct 2022
,House,_classic,10/23/22,,.000175,289,40000,11:43:34 23 Oct 2022
,House,_classic,10/23/22,,.0001,288,40000,11:43:34 23 Oct 2022
,House,_classic,10/23/22,,.000225,287,40000,11:43:34 23 Oct 2022
,House,_classic,10/23/22,,.0003,286,40000,11:43:34 23 Oct 2022
,House,_classic,10/23/22,,.000175,285,40000,11:43:34 23 Oct 2022
,House,_classic,10/23/22,,.00045,284,40000,11:43:34 23 Oct 2022
,House,_classic,10/23/22,,.00015,283,40000,11:43:34 23 Oct 2022
,House,_classic,10/23/22,,.00025,282,40000,11:43:34 23 Oct 2022
,House,_classic,10/23/22,,.0005,281,40000,11:43:34 23 Oct 2022
,House,_classic,10/23/22,,.0004,280,40000,11:43:34 23 Oct 2022
,House,_classic,10/23/22,,,28,40000,11:43:34 23 Oct 2022
,House,_classic,10/23/22,,.00055,279,40000,11:43:34 23 Oct 2022
,House,_classic,10/23/22,,.000825,278,40000,11:43:34 23 Oct 2022
,House,_classic,10/23/22,,.000675,277,40000,11:43:34 23 Oct 2022
,House,_classic,10/23/22,,.00125,276,40000,11:43:34 23 Oct 2022
,House,_classic,10/23/22,,.00075,275,40000,11:43:34 23 Oct 2022
,House,_classic,10/23/22,,.0011,274,40000,11:43:34 23 Oct 2022
,House,_classic,10/23/22,,.00145,272,40000,11:43:34 23 Oct 2022
,House,_classic,10/23/22,,.0017,271,40000,11:43:34 23 Oct 2022
,House,_classic,10/23/22,,,27,40000,11:43:34 23 Oct 2022
,House,_classic,10/23/22,,.00215,269,40000,11:43:34 23 Oct 2022
,House,_classic,10/23/22,,.003475,264,40000,11:43:34 23 Oct 2022
,House,_classic,10/23/22,,,26,40000,11:43:34 23 Oct 2022
,House,_classic,10/23/22,,,25,40000,11:43:34 23 Oct 2022
,House,_classic,10/23/22,,,24,40000,11:43:34 23 Oct 2022
,House,_classic,10/23/22,,,23,40000,11:43:34 23 Oct 2022
,House,_classic,10/23/22,,,22,40000,11:43:34 23 Oct 2022
,House,_classic,10/23/22,,,21,40000,11:43:34 23 Oct 2022
2022,House,_classic,10/23/22,.000025,.001375,273,40000,11:43:34 23 Oct 2022
2022,House,_classic,10/23/22,.00005,.0021,270,40000,11:43:34 23 Oct 2022
2022,House,_classic,10/23/22,.000025,.002125,268,40000,11:43:34 23 Oct 2022
2022,House,_classic,10/23/22,.000025,.002775,267,40000,11:43:34 23 Oct 2022
2022,House,_classic,10/23/22,.000025,.002775,266,40000,11:43:34 23 Oct 2022
2022,House,_classic,10/23/22,.000025,.0034,265,40000,11:43:34 23 Oct 2022
2022,House,_classic,10/23/22,.00005,.003625,263,40000,11:43:34 23 Oct 2022
2022,House,_classic,10/23/22,.000025,.004475,262,40000,11:43:34 23 Oct 2022
2022,House,_classic,10/23/22,.00005,.0051,261,40000,11:43:34 23 Oct 2022
2022,House,_classic,10/23/22,.000025,.0052,260,40000,11:43:34 23 Oct 2022
2022,House,_classic,10/23/22,.000025,.00595,259,40000,11:43:34 23 Oct 2022
2022,House,_classic,10/23/22,.00015,.0061,258,40000,11:43:34 23 Oct 2022
2022,House,_classic,10/23/22,.00015,.007275,257,40000,11:43:34 23 Oct 2022
2022,House,_classic,10/23/22,.0002,.007175,256,40000,11:43:34 23 Oct 2022
2022,House,_classic,10/23/22,.000175,.0083,255,40000,11:43:34 23 Oct 2022
2022,House,_classic,10/23/22,.000225,.008975,254,40000,11:43:34 23 Oct 2022
2022,House,_classic,10/23/22,.000225,.00925,253,40000,11:43:34 23 Oct 2022
2022,House,_classic,10/23/22,.0002,.010475,252,40000,11:43:34 23 Oct 2022
2022,House,_classic,10/23/22,.000325,.01095,251,40000,11:43:34 23 Oct 2022
2022,House,_classic,10/23/22,.000475,.012,250,40000,11:43:34 23 Oct 2022
2022,House,_classic,10/23/22,.000725,.011925,249,40000,11:43:34 23 Oct 2022
2022,House,_classic,10/23/22,.0007,.013175,248,40000,11:43:34 23 Oct 2022
2022,House,_classic,10/23/22,.00075,.014475,247,40000,11:43:34 23 Oct 2022
2022,House,_classic,10/23/22,.000725,.015125,246,40000,11:43:34 23 Oct 2022
2022,House,_classic,10/23/22,.000975,.015525,245,40000,11:43:34 23 Oct 2022
2022,House,_classic,10/23/22,.000825,.018125,244,40000,11:43:34 23 Oct 2022
2022,House,_classic,10/23/22,.001275,.01675,243,40000,11:43:34 23 Oct 2022
2022,House,_classic,10/23/22,.001575,.0179,242,40000,11:43:34 23 Oct 2022
2022,House,_classic,10/23/22,.0016,.018525,241,40000,11:43:34 23 Oct 2022
2022,House,_classic,10/23/22,.001675,.019225,240,40000,11:43:34 23 Oct 2022
2022,House,_classic,10/23/22,.00225,.02115,239,40000,11:43:34 23 Oct 2022
2022,House,_classic,10/23/22,.00295,.0217,238,40000,11:43:34 23 Oct 2022
2022,House,_classic,10/23/22,.0033,.022275,237,40000,11:43:34 23 Oct 2022
2022,House,_classic,10/23/22,.002875,.02265,236,40000,11:43:34 23 Oct 2022
2022,House,_classic,10/23/22,.004,.0237,235,40000,11:43:34 23 Oct 2022
2022,House,_classic,10/23/22,.0043,.023,234,40000,11:43:34 23 Oct 2022
2022,House,_classic,10/23/22,.004525,.023725,233,40000,11:43:34 23 Oct 2022
2022,House,_classic,10/23/22,.005425,.023525,232,40000,11:43:34 23 Oct 2022
2022,House,_classic,10/23/22,.0064,.0233,231,40000,11:43:34 23 Oct 2022
2022,House,_classic,10/23/22,.006325,.024,230,40000,11:43:34 23 Oct 2022
2022,House,_classic,10/23/22,.00685,.0245,229,40000,11:43:34 23 Oct 2022
2022,House,_classic,10/23/22,.008125,.024725,228,40000,11:43:34 23 Oct 2022
2022,House,_classic,10/23/22,.00895,.02435,227,40000,11:43:34 23 Oct 2022
2022,House,_classic,10/23/22,.010525,.0223,226,40000,11:43:34 23 Oct 2022
2022,House,_classic,10/23/22,.010975,.0238,225,40000,11:43:34 23 Oct 2022
2022,House,_classic,10/23/22,.011175,.0231,224,40000,11:43:34 23 Oct 2022
2022,House,_classic,10/23/22,.013425,.023,223,40000,11:43:34 23 Oct 2022
2022,House,_classic,10/23/22,.01445,.021225,222,40000,11:43:34 23 Oct 2022
2022,House,_classic,10/23/22,.015225,.02195,221,40000,11:43:34 23 Oct 2022
2022,House,_classic,10/23/22,.0164,.020575,220,40000,11:43:34 23 Oct 2022
2022,House,_classic,10/23/22,.016325,.0202,219,40000,11:43:34 23 Oct 2022
2022,House,_classic,10/23/22,.01765,.018075,218,40000,11:43:34 23 Oct 2022
2022,House,_classic,10/23/22,.018075,.01765,217,40000,11:43:34 23 Oct 2022
2022,House,_classic,10/23/22,.0202,.016325,216,40000,11:43:34 23 Oct 2022
2022,House,_classic,10/23/22,.020575,.0164,215,40000,11:43:34 23 Oct 2022
2022,House,_classic,10/23/22,.02195,.015225,214,40000,11:43:34 23 Oct 2022
2022,House,_classic,10/23/22,.021225,.01445,213,40000,11:43:34 23 Oct 2022
2022,House,_classic,10/23/22,.023,.013425,212,40000,11:43:34 23 Oct 2022
2022,House,_classic,10/23/22,.0231,.011175,211,40000,11:43:34 23 Oct 2022
2022,House,_classic,10/23/22,.0238,.010975,210,40000,11:43:34 23 Oct 2022
2022,House,_classic,10/23/22,.0223,.010525,209,40000,11:43:34 23 Oct 2022
2022,House,_classic,10/23/22,.02435,.00895,208,40000,11:43:34 23 Oct 2022
2022,House,_classic,10/23/22,.024725,.008125,207,40000,11:43:34 23 Oct 2022
2022,House,_classic,10/23/22,.0245,.00685,206,40000,11:43:34 23 Oct 2022
2022,House,_classic,10/23/22,.024,.006325,205,40000,11:43:34 23 Oct 2022
2022,House,_classic,10/23/22,.0233,.0064,204,40000,11:43:34 23 Oct 2022
2022,House,_classic,10/23/22,.023525,.005425,203,40000,11:43:34 23 Oct 2022
2022,House,_classic,10/23/22,.023725,.004525,202,40000,11:43:34 23 Oct 2022
2022,House,_classic,10/23/22,.023,.0043,201,40000,11:43:34 23 Oct 2022
2022,House,_classic,10/23/22,.0237,.004,200,40000,11:43:34 23 Oct 2022
2022,House,_classic,10/23/22,.02265,.002875,199,40000,11:43:34 23 Oct 2022
2022,House,_classic,10/23/22,.022275,.0033,198,40000,11:43:34 23 Oct 2022
2022,House,_classic,10/23/22,.0217,.00295,197,40000,11:43:34 23 Oct 2022
2022,House,_classic,10/23/22,.02115,.00225,196,40000,11:43:34 23 Oct 2022
2022,House,_classic,10/23/22,.019225,.001675,195,40000,11:43:34 23 Oct 2022
2022,House,_classic,10/23/22,.018525,.0016,194,40000,11:43:34 23 Oct 2022
2022,House,_classic,10/23/22,.0179,.001575,193,40000,11:43:34 23 Oct 2022
2022,House,_classic,10/23/22,.01675,.001275,192,40000,11:43:34 23 Oct 2022
2022,House,_classic,10/23/22,.018125,.000825,191,40000,11:43:34 23 Oct 2022
2022,House,_classic,10/23/22,.015525,.000975,190,40000,11:43:34 23 Oct 2022
2022,House,_classic,10/23/22,.015125,.000725,189,40000,11:43:34 23 Oct 2022
2022,House,_classic,10/23/22,.014475,.00075,188,40000,11:43:34 23 Oct 2022
2022,House,_classic,10/23/22,.013175,.0007,187,40000,11:43:34 23 Oct 2022
2022,House,_classic,10/23/22,.011925,.000725,186,40000,11:43:34 23 Oct 2022
2022,House,_classic,10/23/22,.012,.000475,185,40000,11:43:34 23 Oct 2022
2022,House,_classic,10/23/22,.01095,.000325,184,40000,11:43:34 23 Oct 2022
2022,House,_classic,10/23/22,.010475,.0002,183,40000,11:43:34 23 Oct 2022
2022,House,_classic,10/23/22,.00925,.000225,182,40000,11:43:34 23 Oct 2022
2022,House,_classic,10/23/22,.008975,.000225,181,40000,11:43:34 23 Oct 2022
2022,House,_classic,10/23/22,.008275,.000175,180,40000,11:43:34 23 Oct 2022
2022,House,_classic,10/23/22,.0072,.0002,179,40000,11:43:34 23 Oct 2022
2022,House,_classic,10/23/22,.007275,.00015,178,40000,11:43:34 23 Oct 2022
2022,House,_classic,10/23/22,.0061,.00015,177,40000,11:43:34 23 Oct 2022
2022,House,_classic,10/23/22,.00595,.000025,176,40000,11:43:34 23 Oct 2022
2022,House,_classic,10/23/22,.0052,.000025,175,40000,11:43:34 23 Oct 2022
2022,House,_classic,10/23/22,.0051,.00005,174,40000,11:43:34 23 Oct 2022
2022,House,_classic,10/23/22,.004475,.000025,173,40000,11:43:34 23 Oct 2022
2022,House,_classic,10/23/22,.003625,.00005,172,40000,11:43:34 23 Oct 2022
2022,House,_classic,10/23/22,.003475,,171,40000,11:43:34 23 Oct 2022
2022,House,_classic,10/23/22,.0034,.000025,170,40000,11:43:34 23 Oct 2022
2022,House,_classic,10/23/22,.002775,.000025,169,40000,11:43:34 23 Oct 2022
2022,House,_classic,10/23/22,.002775,.000025,168,40000,11:43:34 23 Oct 2022
2022,House,_classic,10/23/22,.002125,.000025,167,40000,11:43:34 23 Oct 2022
2022,House,_classic,10/23/22,.00215,,166,40000,11:43:34 23 Oct 2022
2022,House,_classic,10/23/22,.0021,.00005,165,40000,11:43:34 23 Oct 2022
2022,House,_classic,10/23/22,.0017,,164,40000,11:43:34 23 Oct 2022
2022,House,_classic,10/23/22,.00145,,163,40000,11:43:34 23 Oct 2022
2022,House,_classic,10/23/22,.001375,.000025,162,40000,11:43:34 23 Oct 2022
2022,House,_classic,10/23/22,.0011,,161,40000,11:43:34 23 Oct 2022
2022,House,_classic,10/23/22,.00075,,160,40000,11:43:34 23 Oct 2022
2022,House,_classic,10/23/22,.00125,,159,40000,11:43:34 23 Oct 2022
2022,House,_classic,10/23/22,.000675,,158,40000,11:43:34 23 Oct 2022
2022,House,_classic,10/23/22,.000825,,157,40000,11:43:34 23 Oct 2022
2022,House,_classic,10/23/22,.00055,,156,40000,11:43:34 23 Oct 2022
2022,House,_classic,10/23/22,.0004,,155,40000,11:43:34 23 Oct 2022
2022,House,_classic,10/23/22,.0005,,154,40000,11:43:34 23 Oct 2022
2022,House,_classic,10/23/22,.00025,,153,40000,11:43:34 23 Oct 2022
2022,House,_classic,10/23/22,.00015,,152,40000,11:43:34 23 Oct 2022
2022,House,_classic,10/23/22,.00045,,151,40000,11:43:34 23 Oct 2022
2022,House,_classic,10/23/22,.000175,,150,40000,11:43:34 23 Oct 2022
2022,House,_classic,10/23/22,.0003,,149,40000,11:43:34 23 Oct 2022
2022,House,_classic,10/23/22,.000225,,148,40000,11:43:34 23 Oct 2022
2022,House,_classic,10/23/22,.0001,,147,40000,11:43:34 23 Oct 2022
2022,House,_classic,10/23/22,.000175,,146,40000,11:43:34 23 Oct 2022
2022,House,_classic,10/23/22,.00005,,145,40000,11:43:34 23 Oct 2022
2022,House,_classic,10/23/22,.00005,,144,40000,11:43:34 23 Oct 2022
2022,House,_classic,10/23/22,.00015,,143,40000,11:43:34 23 Oct 2022
2022,House,_classic,10/23/22,.000025,,142,40000,11:43:34 23 Oct 2022
2022,House,_classic,10/23/22,.0001,,141,40000,11:43:34 23 Oct 2022
2022,House,_classic,10/23/22,.000025,,140,40000,11:43:34 23 Oct 2022
2022,House,_classic,10/23/22,.000075,,139,40000,11:43:34 23 Oct 2022
2022,House,_classic,10/23/22,.00005,,138,40000,11:43:34 23 Oct 2022
2022,House,_classic,10/23/22,.000025,,135,40000,11:43:34 23 Oct 2022
2022,House,_classic,10/23/22,.000025,,134,40000,11:43:34 23 Oct 2022
2022,House,_classic,10/23/22,.000075,,132,40000,11:43:34 23 Oct 2022
,House,_classic,10/23/22,,,20,40000,11:43:34 23 Oct 2022
,House,_classic,10/23/22,,,2,40000,11:43:34 23 Oct 2022
,House,_classic,10/23/22,,,19,40000,11:43:34 23 Oct 2022
,House,_classic,10/23/22,,,18,40000,11:43:34 23 Oct 2022
,House,_classic,10/23/22,,,17,40000,11:43:34 23 Oct 2022
,House,_classic,10/23/22,,,16,40000,11:43:34 23 Oct 2022
,House,_classic,10/23/22,,,15,40000,11:43:34 23 Oct 2022
,House,_classic,10/23/22,,,14,40000,11:43:34 23 Oct 2022
,House,_classic,10/23/22,,,137,40000,11:43:34 23 Oct 2022
,House,_classic,10/23/22,,,136,40000,11:43:34 23 Oct 2022
,House,_classic,10/23/22,,,133,40000,11:43:34 23 Oct 2022
,House,_classic,10/23/22,,,131,40000,11:43:34 23 Oct 2022
,House,_classic,10/23/22,,,130,40000,11:43:34 23 Oct 2022
,House,_classic,10/23/22,,,13,40000,11:43:34 23 Oct 2022
,House,_classic,10/23/22,,,129,40000,11:43:34 23 Oct 2022
,House,_classic,10/23/22,,,128,40000,11:43:34 23 Oct 2022
,House,_classic,10/23/22,,,127,40000,11:43:34 23 Oct 2022
,House,_classic,10/23/22,,,126,40000,11:43:34 23 Oct 2022
,House,_classic,10/23/22,,,125,40000,11:43:34 23 Oct 2022
,House,_classic,10/23/22,,,124,40000,11:43:34 23 Oct 2022
,House,_classic,10/23/22,,,123,40000,11:43:34 23 Oct 2022
,House,_classic,10/23/22,,,122,40000,11:43:34 23 Oct 2022
,House,_classic,10/23/22,,,121,40000,11:43:34 23 Oct 2022
,House,_classic,10/23/22,,,120,40000,11:43:34 23 Oct 2022
,House,_classic,10/23/22,,,12,40000,11:43:34 23 Oct 2022
,House,_classic,10/23/22,,,119,40000,11:43:34 23 Oct 2022
,House,_classic,10/23/22,,,118,40000,11:43:34 23 Oct 2022
,House,_classic,10/23/22,,,117,40000,11:43:34 23 Oct 2022
,House,_classic,10/23/22,,,116,40000,11:43:34 23 Oct 2022
,House,_classic,10/23/22,,,115,40000,11:43:34 23 Oct 2022
,House,_classic,10/23/22,,,114,40000,11:43:34 23 Oct 2022
,House,_classic,10/23/22,,,113,40000,11:43:34 23 Oct 2022
,House,_classic,10/23/22,,,112,40000,11:43:34 23 Oct 2022
,House,_classic,10/23/22,,,111,40000,11:43:34 23 Oct 2022
,House,_classic,10/23/22,,,110,40000,11:43:34 23 Oct 2022
,House,_classic,10/23/22,,,11,40000,11:43:34 23 Oct 2022
,House,_classic,10/23/22,,,109,40000,11:43:34 23 Oct 2022
,House,_classic,10/23/22,,,108,40000,11:43:34 23 Oct 2022
,House,_classic,10/23/22,,,107,40000,11:43:34 23 Oct 2022
,House,_classic,10/23/22,,,106,40000,11:43:34 23 Oct 2022
,House,_classic,10/23/22,,,105,40000,11:43:34 23 Oct 2022
,House,_classic,10/23/22,,,104,40000,11:43:34 23 Oct 2022
,House,_classic,10/23/22,,,103,40000,11:43:34 23 Oct 2022
,House,_classic,10/23/22,,,102,40000,11:43:34 23 Oct 2022
,House,_classic,10/23/22,,,101,40000,11:43:34 23 Oct 2022
,House,_classic,10/23/22,,,100,40000,11:43:34 23 Oct 2022
,House,_classic,10/23/22,,,10,40000,11:43:34 23 Oct 2022
,House,_classic,10/23/22,,,1,40000,11:43:34 23 Oct 2022
,House,_classic,10/23/22,,,0,40000,11:43:34 23 Oct 2022
